Number of nodes 4276 
     0 : -1.5000000e-01  2.5000000e-01 
     1 :  1.5000000e-01  2.5000000e-01 
     2 :  2.5000000e-01  3.5000000e-01 
     3 :  2.5000000e-01  6.5000000e-01 
     4 :  1.5000000e-01  7.5000000e-01 
     5 : -1.5000000e-01  7.5000000e-01 
     6 : -2.5000000e-01  6.5000000e-01 
     7 : -2.5000000e-01  3.5000000e-01 
     8 : -5.0000000e-01 -1.0000000e+00 
     9 :  5.0000000e-01 -1.0000000e+00 
    10 : -5.0000000e-01  1.0000000e+00 
    11 :  5.0000000e-01  1.0000000e+00 
    12 : -1.5000000e-01 -7.5000000e-01 
    13 :  1.5000000e-01 -7.5000000e-01 
    14 : -2.5000000e-01 -6.5000000e-01 
    15 :  2.5000000e-01 -6.5000000e-01 
    16 : -2.5000000e-01 -3.5000000e-01 
    17 :  2.5000000e-01 -3.5000000e-01 
    18 : -1.5000000e-01 -2.5000000e-01 
    19 :  1.5000000e-01 -2.5000000e-01 
    20 : -1.3125000e-01  2.5000000e-01 
    21 : -1.1250000e-01  2.5000000e-01 
    22 : -9.3750000e-02  2.5000000e-01 
    23 : -7.5000000e-02  2.5000000e-01 
    24 : -5.6250000e-02  2.5000000e-01 
    25 : -3.7500000e-02  2.5000000e-01 
    26 : -1.8750000e-02  2.5000000e-01 
    27 : -2.2204460e-16  2.5000000e-01 
    28 :  1.8750000e-02  2.5000000e-01 
    29 :  3.7500000e-02  2.5000000e-01 
    30 :  5.6250000e-02  2.5000000e-01 
    31 :  7.5000000e-02  2.5000000e-01 
    32 :  9.3750000e-02  2.5000000e-01 
    33 :  1.1250000e-01  2.5000000e-01 
    34 :  1.3125000e-01  2.5000000e-01 
    35 :  1.6950903e-01  2.5192147e-01 
    36 :  1.8826834e-01  2.5761205e-01 
    37 :  2.0555702e-01  2.6685304e-01 
    38 :  2.2071068e-01  2.7928932e-01 
    39 :  2.3314696e-01  2.9444298e-01 
    40 :  2.4238795e-01  3.1173166e-01 
    41 :  2.4807853e-01  3.3049097e-01 
    42 :  2.5000000e-01  3.6875000e-01 
    43 :  2.5000000e-01  3.8750000e-01 
    44 :  2.5000000e-01  4.0625000e-01 
    45 :  2.5000000e-01  4.2500000e-01 
    46 :  2.5000000e-01  4.4375000e-01 
    47 :  2.5000000e-01  4.6250000e-01 
    48 :  2.5000000e-01  4.8125000e-01 
    49 :  2.5000000e-01  5.0000000e-01 
    50 :  2.5000000e-01  5.1875000e-01 
    51 :  2.5000000e-01  5.3750000e-01 
    52 :  2.5000000e-01  5.5625000e-01 
    53 :  2.5000000e-01  5.7500000e-01 
    54 :  2.5000000e-01  5.9375000e-01 
    55 :  2.5000000e-01  6.1250000e-01 
    56 :  2.5000000e-01  6.3125000e-01 
    57 :  2.4807853e-01  6.6950903e-01 
    58 :  2.4238795e-01  6.8826834e-01 
    59 :  2.3314696e-01  7.0555702e-01 
    60 :  2.2071068e-01  7.2071068e-01 
    61 :  2.0555702e-01  7.3314696e-01 
    62 :  1.8826834e-01  7.4238795e-01 
    63 :  1.6950903e-01  7.4807853e-01 
    64 :  1.3125000e-01  7.5000000e-01 
    65 :  1.1250000e-01  7.5000000e-01 
    66 :  9.3750000e-02  7.5000000e-01 
    67 :  7.5000000e-02  7.5000000e-01 
    68 :  5.6250000e-02  7.5000000e-01 
    69 :  3.7500000e-02  7.5000000e-01 
    70 :  1.8750000e-02  7.5000000e-01 
    71 :  2.2204460e-16  7.5000000e-01 
    72 : -1.8750000e-02  7.5000000e-01 
    73 : -3.7500000e-02  7.5000000e-01 
    74 : -5.6250000e-02  7.5000000e-01 
    75 : -7.5000000e-02  7.5000000e-01 
    76 : -9.3750000e-02  7.5000000e-01 
    77 : -1.1250000e-01  7.5000000e-01 
    78 : -1.3125000e-01  7.5000000e-01 
    79 : -1.6950903e-01  7.4807853e-01 
    80 : -1.8826834e-01  7.4238795e-01 
    81 : -2.0555702e-01  7.3314696e-01 
    82 : -2.2071068e-01  7.2071068e-01 
    83 : -2.3314696e-01  7.0555702e-01 
    84 : -2.4238795e-01  6.8826834e-01 
    85 : -2.4807853e-01  6.6950903e-01 
    86 : -2.5000000e-01  6.3125000e-01 
    87 : -2.5000000e-01  6.1250000e-01 
    88 : -2.5000000e-01  5.9375000e-01 
    89 : -2.5000000e-01  5.7500000e-01 
    90 : -2.5000000e-01  5.5625000e-01 
    91 : -2.5000000e-01  5.3750000e-01 
    92 : -2.5000000e-01  5.1875000e-01 
    93 : -2.5000000e-01  5.0000000e-01 
    94 : -2.5000000e-01  4.8125000e-01 
    95 : -2.5000000e-01  4.6250000e-01 
    96 : -2.5000000e-01  4.4375000e-01 
    97 : -2.5000000e-01  4.2500000e-01 
    98 : -2.5000000e-01  4.0625000e-01 
    99 : -2.5000000e-01  3.8750000e-01 
   100 : -2.5000000e-01  3.6875000e-01 
   101 : -2.4807853e-01  3.3049097e-01 
   102 : -2.4238795e-01  3.1173166e-01 
   103 : -2.3314696e-01  2.9444298e-01 
   104 : -2.2071068e-01  2.7928932e-01 
   105 : -2.0555702e-01  2.6685304e-01 
   106 : -1.8826834e-01  2.5761205e-01 
   107 : -1.6950903e-01  2.5192147e-01 
   108 : -4.8000000e-01 -1.0000000e+00 
   109 : -4.6000000e-01 -1.0000000e+00 
   110 : -4.4000000e-01 -1.0000000e+00 
   111 : -4.2000000e-01 -1.0000000e+00 
   112 : -4.0000000e-01 -1.0000000e+00 
   113 : -3.8000000e-01 -1.0000000e+00 
   114 : -3.6000000e-01 -1.0000000e+00 
   115 : -3.4000000e-01 -1.0000000e+00 
   116 : -3.2000000e-01 -1.0000000e+00 
   117 : -3.0000000e-01 -1.0000000e+00 
   118 : -2.8000000e-01 -1.0000000e+00 
   119 : -2.6000000e-01 -1.0000000e+00 
   120 : -2.4000000e-01 -1.0000000e+00 
   121 : -2.2000000e-01 -1.0000000e+00 
   122 : -2.0000000e-01 -1.0000000e+00 
   123 : -1.8000000e-01 -1.0000000e+00 
   124 : -1.6000000e-01 -1.0000000e+00 
   125 : -1.4000000e-01 -1.0000000e+00 
   126 : -1.2000000e-01 -1.0000000e+00 
   127 : -1.0000000e-01 -1.0000000e+00 
   128 : -8.0000000e-02 -1.0000000e+00 
   129 : -6.0000000e-02 -1.0000000e+00 
   130 : -4.0000000e-02 -1.0000000e+00 
   131 : -2.0000000e-02 -1.0000000e+00 
   132 :  0.0000000e+00 -1.0000000e+00 
   133 :  2.0000000e-02 -1.0000000e+00 
   134 :  4.0000000e-02 -1.0000000e+00 
   135 :  6.0000000e-02 -1.0000000e+00 
   136 :  8.0000000e-02 -1.0000000e+00 
   137 :  1.0000000e-01 -1.0000000e+00 
   138 :  1.2000000e-01 -1.0000000e+00 
   139 :  1.4000000e-01 -1.0000000e+00 
   140 :  1.6000000e-01 -1.0000000e+00 
   141 :  1.8000000e-01 -1.0000000e+00 
   142 :  2.0000000e-01 -1.0000000e+00 
   143 :  2.2000000e-01 -1.0000000e+00 
   144 :  2.4000000e-01 -1.0000000e+00 
   145 :  2.6000000e-01 -1.0000000e+00 
   146 :  2.8000000e-01 -1.0000000e+00 
   147 :  3.0000000e-01 -1.0000000e+00 
   148 :  3.2000000e-01 -1.0000000e+00 
   149 :  3.4000000e-01 -1.0000000e+00 
   150 :  3.6000000e-01 -1.0000000e+00 
   151 :  3.8000000e-01 -1.0000000e+00 
   152 :  4.0000000e-01 -1.0000000e+00 
   153 :  4.2000000e-01 -1.0000000e+00 
   154 :  4.4000000e-01 -1.0000000e+00 
   155 :  4.6000000e-01 -1.0000000e+00 
   156 :  4.8000000e-01 -1.0000000e+00 
   157 : -5.0000000e-01  9.8000000e-01 
   158 : -5.0000000e-01  9.6000000e-01 
   159 : -5.0000000e-01  9.4000000e-01 
   160 : -5.0000000e-01  9.2000000e-01 
   161 : -5.0000000e-01  9.0000000e-01 
   162 : -5.0000000e-01  8.8000000e-01 
   163 : -5.0000000e-01  8.6000000e-01 
   164 : -5.0000000e-01  8.4000000e-01 
   165 : -5.0000000e-01  8.2000000e-01 
   166 : -5.0000000e-01  8.0000000e-01 
   167 : -5.0000000e-01  7.8000000e-01 
   168 : -5.0000000e-01  7.6000000e-01 
   169 : -5.0000000e-01  7.4000000e-01 
   170 : -5.0000000e-01  7.2000000e-01 
   171 : -5.0000000e-01  7.0000000e-01 
   172 : -5.0000000e-01  6.8000000e-01 
   173 : -5.0000000e-01  6.6000000e-01 
   174 : -5.0000000e-01  6.4000000e-01 
   175 : -5.0000000e-01  6.2000000e-01 
   176 : -5.0000000e-01  6.0000000e-01 
   177 : -5.0000000e-01  5.8000000e-01 
   178 : -5.0000000e-01  5.6000000e-01 
   179 : -5.0000000e-01  5.4000000e-01 
   180 : -5.0000000e-01  5.2000000e-01 
   181 : -5.0000000e-01  5.0000000e-01 
   182 : -5.0000000e-01  4.8000000e-01 
   183 : -5.0000000e-01  4.6000000e-01 
   184 : -5.0000000e-01  4.4000000e-01 
   185 : -5.0000000e-01  4.2000000e-01 
   186 : -5.0000000e-01  4.0000000e-01 
   187 : -5.0000000e-01  3.8000000e-01 
   188 : -5.0000000e-01  3.6000000e-01 
   189 : -5.0000000e-01  3.4000000e-01 
   190 : -5.0000000e-01  3.2000000e-01 
   191 : -5.0000000e-01  3.0000000e-01 
   192 : -5.0000000e-01  2.8000000e-01 
   193 : -5.0000000e-01  2.6000000e-01 
   194 : -5.0000000e-01  2.4000000e-01 
   195 : -5.0000000e-01  2.2000000e-01 
   196 : -5.0000000e-01  2.0000000e-01 
   197 : -5.0000000e-01  1.8000000e-01 
   198 : -5.0000000e-01  1.6000000e-01 
   199 : -5.0000000e-01  1.4000000e-01 
   200 : -5.0000000e-01  1.2000000e-01 
   201 : -5.0000000e-01  1.0000000e-01 
   202 : -5.0000000e-01  8.0000000e-02 
   203 : -5.0000000e-01  6.0000000e-02 
   204 : -5.0000000e-01  4.0000000e-02 
   205 : -5.0000000e-01  2.0000000e-02 
   206 : -5.0000000e-01  0.0000000e+00 
   207 : -5.0000000e-01 -2.0000000e-02 
   208 : -5.0000000e-01 -4.0000000e-02 
   209 : -5.0000000e-01 -6.0000000e-02 
   210 : -5.0000000e-01 -8.0000000e-02 
   211 : -5.0000000e-01 -1.0000000e-01 
   212 : -5.0000000e-01 -1.2000000e-01 
   213 : -5.0000000e-01 -1.4000000e-01 
   214 : -5.0000000e-01 -1.6000000e-01 
   215 : -5.0000000e-01 -1.8000000e-01 
   216 : -5.0000000e-01 -2.0000000e-01 
   217 : -5.0000000e-01 -2.2000000e-01 
   218 : -5.0000000e-01 -2.4000000e-01 
   219 : -5.0000000e-01 -2.6000000e-01 
   220 : -5.0000000e-01 -2.8000000e-01 
   221 : -5.0000000e-01 -3.0000000e-01 
   222 : -5.0000000e-01 -3.2000000e-01 
   223 : -5.0000000e-01 -3.4000000e-01 
   224 : -5.0000000e-01 -3.6000000e-01 
   225 : -5.0000000e-01 -3.8000000e-01 
   226 : -5.0000000e-01 -4.0000000e-01 
   227 : -5.0000000e-01 -4.2000000e-01 
   228 : -5.0000000e-01 -4.4000000e-01 
   229 : -5.0000000e-01 -4.6000000e-01 
   230 : -5.0000000e-01 -4.8000000e-01 
   231 : -5.0000000e-01 -5.0000000e-01 
   232 : -5.0000000e-01 -5.2000000e-01 
   233 : -5.0000000e-01 -5.4000000e-01 
   234 : -5.0000000e-01 -5.6000000e-01 
   235 : -5.0000000e-01 -5.8000000e-01 
   236 : -5.0000000e-01 -6.0000000e-01 
   237 : -5.0000000e-01 -6.2000000e-01 
   238 : -5.0000000e-01 -6.4000000e-01 
   239 : -5.0000000e-01 -6.6000000e-01 
   240 : -5.0000000e-01 -6.8000000e-01 
   241 : -5.0000000e-01 -7.0000000e-01 
   242 : -5.0000000e-01 -7.2000000e-01 
   243 : -5.0000000e-01 -7.4000000e-01 
   244 : -5.0000000e-01 -7.6000000e-01 
   245 : -5.0000000e-01 -7.8000000e-01 
   246 : -5.0000000e-01 -8.0000000e-01 
   247 : -5.0000000e-01 -8.2000000e-01 
   248 : -5.0000000e-01 -8.4000000e-01 
   249 : -5.0000000e-01 -8.6000000e-01 
   250 : -5.0000000e-01 -8.8000000e-01 
   251 : -5.0000000e-01 -9.0000000e-01 
   252 : -5.0000000e-01 -9.2000000e-01 
   253 : -5.0000000e-01 -9.4000000e-01 
   254 : -5.0000000e-01 -9.6000000e-01 
   255 : -5.0000000e-01 -9.8000000e-01 
   256 :  5.0000000e-01 -9.8000000e-01 
   257 :  5.0000000e-01 -9.6000000e-01 
   258 :  5.0000000e-01 -9.4000000e-01 
   259 :  5.0000000e-01 -9.2000000e-01 
   260 :  5.0000000e-01 -9.0000000e-01 
   261 :  5.0000000e-01 -8.8000000e-01 
   262 :  5.0000000e-01 -8.6000000e-01 
   263 :  5.0000000e-01 -8.4000000e-01 
   264 :  5.0000000e-01 -8.2000000e-01 
   265 :  5.0000000e-01 -8.0000000e-01 
   266 :  5.0000000e-01 -7.8000000e-01 
   267 :  5.0000000e-01 -7.6000000e-01 
   268 :  5.0000000e-01 -7.4000000e-01 
   269 :  5.0000000e-01 -7.2000000e-01 
   270 :  5.0000000e-01 -7.0000000e-01 
   271 :  5.0000000e-01 -6.8000000e-01 
   272 :  5.0000000e-01 -6.6000000e-01 
   273 :  5.0000000e-01 -6.4000000e-01 
   274 :  5.0000000e-01 -6.2000000e-01 
   275 :  5.0000000e-01 -6.0000000e-01 
   276 :  5.0000000e-01 -5.8000000e-01 
   277 :  5.0000000e-01 -5.6000000e-01 
   278 :  5.0000000e-01 -5.4000000e-01 
   279 :  5.0000000e-01 -5.2000000e-01 
   280 :  5.0000000e-01 -5.0000000e-01 
   281 :  5.0000000e-01 -4.8000000e-01 
   282 :  5.0000000e-01 -4.6000000e-01 
   283 :  5.0000000e-01 -4.4000000e-01 
   284 :  5.0000000e-01 -4.2000000e-01 
   285 :  5.0000000e-01 -4.0000000e-01 
   286 :  5.0000000e-01 -3.8000000e-01 
   287 :  5.0000000e-01 -3.6000000e-01 
   288 :  5.0000000e-01 -3.4000000e-01 
   289 :  5.0000000e-01 -3.2000000e-01 
   290 :  5.0000000e-01 -3.0000000e-01 
   291 :  5.0000000e-01 -2.8000000e-01 
   292 :  5.0000000e-01 -2.6000000e-01 
   293 :  5.0000000e-01 -2.4000000e-01 
   294 :  5.0000000e-01 -2.2000000e-01 
   295 :  5.0000000e-01 -2.0000000e-01 
   296 :  5.0000000e-01 -1.8000000e-01 
   297 :  5.0000000e-01 -1.6000000e-01 
   298 :  5.0000000e-01 -1.4000000e-01 
   299 :  5.0000000e-01 -1.2000000e-01 
   300 :  5.0000000e-01 -1.0000000e-01 
   301 :  5.0000000e-01 -8.0000000e-02 
   302 :  5.0000000e-01 -6.0000000e-02 
   303 :  5.0000000e-01 -4.0000000e-02 
   304 :  5.0000000e-01 -2.0000000e-02 
   305 :  5.0000000e-01  0.0000000e+00 
   306 :  5.0000000e-01  2.0000000e-02 
   307 :  5.0000000e-01  4.0000000e-02 
   308 :  5.0000000e-01  6.0000000e-02 
   309 :  5.0000000e-01  8.0000000e-02 
   310 :  5.0000000e-01  1.0000000e-01 
   311 :  5.0000000e-01  1.2000000e-01 
   312 :  5.0000000e-01  1.4000000e-01 
   313 :  5.0000000e-01  1.6000000e-01 
   314 :  5.0000000e-01  1.8000000e-01 
   315 :  5.0000000e-01  2.0000000e-01 
   316 :  5.0000000e-01  2.2000000e-01 
   317 :  5.0000000e-01  2.4000000e-01 
   318 :  5.0000000e-01  2.6000000e-01 
   319 :  5.0000000e-01  2.8000000e-01 
   320 :  5.0000000e-01  3.0000000e-01 
   321 :  5.0000000e-01  3.2000000e-01 
   322 :  5.0000000e-01  3.4000000e-01 
   323 :  5.0000000e-01  3.6000000e-01 
   324 :  5.0000000e-01  3.8000000e-01 
   325 :  5.0000000e-01  4.0000000e-01 
   326 :  5.0000000e-01  4.2000000e-01 
   327 :  5.0000000e-01  4.4000000e-01 
   328 :  5.0000000e-01  4.6000000e-01 
   329 :  5.0000000e-01  4.8000000e-01 
   330 :  5.0000000e-01  5.0000000e-01 
   331 :  5.0000000e-01  5.2000000e-01 
   332 :  5.0000000e-01  5.4000000e-01 
   333 :  5.0000000e-01  5.6000000e-01 
   334 :  5.0000000e-01  5.8000000e-01 
   335 :  5.0000000e-01  6.0000000e-01 
   336 :  5.0000000e-01  6.2000000e-01 
   337 :  5.0000000e-01  6.4000000e-01 
   338 :  5.0000000e-01  6.6000000e-01 
   339 :  5.0000000e-01  6.8000000e-01 
   340 :  5.0000000e-01  7.0000000e-01 
   341 :  5.0000000e-01  7.2000000e-01 
   342 :  5.0000000e-01  7.4000000e-01 
   343 :  5.0000000e-01  7.6000000e-01 
   344 :  5.0000000e-01  7.8000000e-01 
   345 :  5.0000000e-01  8.0000000e-01 
   346 :  5.0000000e-01  8.2000000e-01 
   347 :  5.0000000e-01  8.4000000e-01 
   348 :  5.0000000e-01  8.6000000e-01 
   349 :  5.0000000e-01  8.8000000e-01 
   350 :  5.0000000e-01  9.0000000e-01 
   351 :  5.0000000e-01  9.2000000e-01 
   352 :  5.0000000e-01  9.4000000e-01 
   353 :  5.0000000e-01  9.6000000e-01 
   354 :  5.0000000e-01  9.8000000e-01 
   355 :  4.8000000e-01  1.0000000e+00 
   356 :  4.6000000e-01  1.0000000e+00 
   357 :  4.4000000e-01  1.0000000e+00 
   358 :  4.2000000e-01  1.0000000e+00 
   359 :  4.0000000e-01  1.0000000e+00 
   360 :  3.8000000e-01  1.0000000e+00 
   361 :  3.6000000e-01  1.0000000e+00 
   362 :  3.4000000e-01  1.0000000e+00 
   363 :  3.2000000e-01  1.0000000e+00 
   364 :  3.0000000e-01  1.0000000e+00 
   365 :  2.8000000e-01  1.0000000e+00 
   366 :  2.6000000e-01  1.0000000e+00 
   367 :  2.4000000e-01  1.0000000e+00 
   368 :  2.2000000e-01  1.0000000e+00 
   369 :  2.0000000e-01  1.0000000e+00 
   370 :  1.8000000e-01  1.0000000e+00 
   371 :  1.6000000e-01  1.0000000e+00 
   372 :  1.4000000e-01  1.0000000e+00 
   373 :  1.2000000e-01  1.0000000e+00 
   374 :  1.0000000e-01  1.0000000e+00 
   375 :  8.0000000e-02  1.0000000e+00 
   376 :  6.0000000e-02  1.0000000e+00 
   377 :  4.0000000e-02  1.0000000e+00 
   378 :  2.0000000e-02  1.0000000e+00 
   379 :  0.0000000e+00  1.0000000e+00 
   380 : -2.0000000e-02  1.0000000e+00 
   381 : -4.0000000e-02  1.0000000e+00 
   382 : -6.0000000e-02  1.0000000e+00 
   383 : -8.0000000e-02  1.0000000e+00 
   384 : -1.0000000e-01  1.0000000e+00 
   385 : -1.2000000e-01  1.0000000e+00 
   386 : -1.4000000e-01  1.0000000e+00 
   387 : -1.6000000e-01  1.0000000e+00 
   388 : -1.8000000e-01  1.0000000e+00 
   389 : -2.0000000e-01  1.0000000e+00 
   390 : -2.2000000e-01  1.0000000e+00 
   391 : -2.4000000e-01  1.0000000e+00 
   392 : -2.6000000e-01  1.0000000e+00 
   393 : -2.8000000e-01  1.0000000e+00 
   394 : -3.0000000e-01  1.0000000e+00 
   395 : -3.2000000e-01  1.0000000e+00 
   396 : -3.4000000e-01  1.0000000e+00 
   397 : -3.6000000e-01  1.0000000e+00 
   398 : -3.8000000e-01  1.0000000e+00 
   399 : -4.0000000e-01  1.0000000e+00 
   400 : -4.2000000e-01  1.0000000e+00 
   401 : -4.4000000e-01  1.0000000e+00 
   402 : -4.6000000e-01  1.0000000e+00 
   403 : -4.8000000e-01  1.0000000e+00 
   404 : -1.3125000e-01 -7.5000000e-01 
   405 : -1.1250000e-01 -7.5000000e-01 
   406 : -9.3750000e-02 -7.5000000e-01 
   407 : -7.5000000e-02 -7.5000000e-01 
   408 : -5.6250000e-02 -7.5000000e-01 
   409 : -3.7500000e-02 -7.5000000e-01 
   410 : -1.8750000e-02 -7.5000000e-01 
   411 : -2.2204460e-16 -7.5000000e-01 
   412 :  1.8750000e-02 -7.5000000e-01 
   413 :  3.7500000e-02 -7.5000000e-01 
   414 :  5.6250000e-02 -7.5000000e-01 
   415 :  7.5000000e-02 -7.5000000e-01 
   416 :  9.3750000e-02 -7.5000000e-01 
   417 :  1.1250000e-01 -7.5000000e-01 
   418 :  1.3125000e-01 -7.5000000e-01 
   419 : -2.4807853e-01 -6.6950903e-01 
   420 : -2.4238795e-01 -6.8826834e-01 
   421 : -2.3314696e-01 -7.0555702e-01 
   422 : -2.2071068e-01 -7.2071068e-01 
   423 : -2.0555702e-01 -7.3314696e-01 
   424 : -1.8826834e-01 -7.4238795e-01 
   425 : -1.6950903e-01 -7.4807853e-01 
   426 :  1.6950903e-01 -7.4807853e-01 
   427 :  1.8826834e-01 -7.4238795e-01 
   428 :  2.0555702e-01 -7.3314696e-01 
   429 :  2.2071068e-01 -7.2071068e-01 
   430 :  2.3314696e-01 -7.0555702e-01 
   431 :  2.4238795e-01 -6.8826834e-01 
   432 :  2.4807853e-01 -6.6950903e-01 
   433 : -2.5000000e-01 -3.6875000e-01 
   434 : -2.5000000e-01 -3.8750000e-01 
   435 : -2.5000000e-01 -4.0625000e-01 
   436 : -2.5000000e-01 -4.2500000e-01 
   437 : -2.5000000e-01 -4.4375000e-01 
   438 : -2.5000000e-01 -4.6250000e-01 
   439 : -2.5000000e-01 -4.8125000e-01 
   440 : -2.5000000e-01 -5.0000000e-01 
   441 : -2.5000000e-01 -5.1875000e-01 
   442 : -2.5000000e-01 -5.3750000e-01 
   443 : -2.5000000e-01 -5.5625000e-01 
   444 : -2.5000000e-01 -5.7500000e-01 
   445 : -2.5000000e-01 -5.9375000e-01 
   446 : -2.5000000e-01 -6.1250000e-01 
   447 : -2.5000000e-01 -6.3125000e-01 
   448 :  2.5000000e-01 -6.3125000e-01 
   449 :  2.5000000e-01 -6.1250000e-01 
   450 :  2.5000000e-01 -5.9375000e-01 
   451 :  2.5000000e-01 -5.7500000e-01 
   452 :  2.5000000e-01 -5.5625000e-01 
   453 :  2.5000000e-01 -5.3750000e-01 
   454 :  2.5000000e-01 -5.1875000e-01 
   455 :  2.5000000e-01 -5.0000000e-01 
   456 :  2.5000000e-01 -4.8125000e-01 
   457 :  2.5000000e-01 -4.6250000e-01 
   458 :  2.5000000e-01 -4.4375000e-01 
   459 :  2.5000000e-01 -4.2500000e-01 
   460 :  2.5000000e-01 -4.0625000e-01 
   461 :  2.5000000e-01 -3.8750000e-01 
   462 :  2.5000000e-01 -3.6875000e-01 
   463 : -1.6950903e-01 -2.5192147e-01 
   464 : -1.8826834e-01 -2.5761205e-01 
   465 : -2.0555702e-01 -2.6685304e-01 
   466 : -2.2071068e-01 -2.7928932e-01 
   467 : -2.3314696e-01 -2.9444298e-01 
   468 : -2.4238795e-01 -3.1173166e-01 
   469 : -2.4807853e-01 -3.3049097e-01 
   470 :  2.4807853e-01 -3.3049097e-01 
   471 :  2.4238795e-01 -3.1173166e-01 
   472 :  2.3314696e-01 -2.9444298e-01 
   473 :  2.2071068e-01 -2.7928932e-01 
   474 :  2.0555702e-01 -2.6685304e-01 
   475 :  1.8826834e-01 -2.5761205e-01 
   476 :  1.6950903e-01 -2.5192147e-01 
   477 :  1.3125000e-01 -2.5000000e-01 
   478 :  1.1250000e-01 -2.5000000e-01 
   479 :  9.3750000e-02 -2.5000000e-01 
   480 :  7.5000000e-02 -2.5000000e-01 
   481 :  5.6250000e-02 -2.5000000e-01 
   482 :  3.7500000e-02 -2.5000000e-01 
   483 :  1.8750000e-02 -2.5000000e-01 
   484 :  2.2204460e-16 -2.5000000e-01 
   485 : -1.8750000e-02 -2.5000000e-01 
   486 : -3.7500000e-02 -2.5000000e-01 
   487 : -5.6250000e-02 -2.5000000e-01 
   488 : -7.5000000e-02 -2.5000000e-01 
   489 : -9.3750000e-02 -2.5000000e-01 
   490 : -1.1250000e-01 -2.5000000e-01 
   491 : -1.3125000e-01 -2.5000000e-01 
   492 :  1.3309560e-01  2.3181951e-01 
   493 : -1.4953259e-01 -2.3297269e-01 
   494 : -5.6150364e-02  2.3115916e-01 
   495 :  9.4569949e-02 -2.3111050e-01 
   496 :  1.3379032e-05 -2.3124808e-01 
   497 : -1.7173825e-01  2.2915955e-01 
   498 :  1.7364295e-01 -2.3413995e-01 
   499 :  4.8005830e-01  2.6325675e-05 
   500 :  2.1041324e-01  2.4412918e-01 
   501 : -2.0384163e-01 -2.4597824e-01 
   502 : -4.8003685e-01  7.9979119e-02 
   503 :  4.8004017e-01 -9.9986659e-02 
   504 : -2.2042865e-01  2.5312504e-01 
   505 :  2.3239110e-01 -2.6481874e-01 
   506 : -4.8004483e-01 -1.2002846e-01 
   507 :  2.3488447e-01 -7.3091958e-01 
   508 :  2.3163078e-01  7.3302461e-01 
   509 :  4.8004082e-01  1.2001811e-01 
   510 :  4.8004255e-01  2.0000440e-01 
   511 : -4.8004350e-01  1.9998506e-01 
   512 : -4.8002322e-01  8.4000588e-01 
   513 : -3.2001519e-01 -9.8003085e-01 
   514 : -3.2001568e-01  9.8002978e-01 
   515 : -4.8004759e-01 -7.6003686e-01 
   516 : -4.8005232e-01 -2.0002421e-01 
   517 :  4.8003682e-01 -1.9998464e-01 
   518 :  3.1999318e-01 -9.8002619e-01 
   519 :  4.8004327e-01  7.4002006e-01 
   520 :  4.8002530e-01  8.2000639e-01 
   521 :  2.4797350e-01  2.8728051e-01 
   522 :  4.8002244e-01 -8.4000233e-01 
   523 :  3.1999905e-01  9.8002680e-01 
   524 :  2.2000745e-01  9.8005415e-01 
   525 :  4.8003934e-01 -7.5998458e-01 
   526 : -2.6825609e-01  6.4890092e-01 
   527 : -2.6895365e-01 -3.5260854e-01 
   528 : -2.6742330e-01 -6.4967504e-01 
   529 : -1.4941491e-01 -7.6818124e-01 
   530 : -1.4961473e-01  7.6813110e-01 
   531 : -2.6741975e-01  3.5029735e-01 
   532 :  2.6835241e-01  3.6641163e-01 
   533 :  2.6889260e-01 -6.3227098e-01 
   534 :  2.6854097e-01  6.3137645e-01 
   535 :  1.3115302e-01  7.6861719e-01 
   536 :  1.3295519e-01 -7.6849106e-01 
   537 :  2.6848397e-01 -3.6789512e-01 
   538 :  5.6247711e-02  7.6886924e-01 
   539 : -2.6886243e-01  5.5614696e-01 
   540 : -2.6886101e-01  4.2487711e-01 
   541 : -5.6174132e-02 -7.6887024e-01 
   542 :  2.6887061e-01 -5.3743415e-01 
   543 : -5.6223525e-02  7.6886752e-01 
   544 : -2.6886224e-01 -4.4384778e-01 
   545 :  2.6885803e-01  4.6242343e-01 
   546 : -2.6885878e-01 -5.7505514e-01 
   547 :  2.6886530e-01 -4.4367110e-01 
   548 :  1.8843301e-02 -7.6887051e-01 
   549 :  2.6886995e-01  5.5620490e-01 
   550 :  2.4001544e-01 -9.8003938e-01 
   551 : -4.8005047e-01  7.5997941e-01 
   552 :  2.6533447e-01 -3.2854650e-01 
   553 :  2.6868174e-01 -6.7776951e-01 
   554 :  4.8005966e-01  2.5999622e-01 
   555 :  2.6605807e-01  6.8763322e-01 
   556 :  1.7190462e-01 -7.6518157e-01 
   557 :  1.9853871e-01  7.5762248e-01 
   558 : -2.4626828e-01  7.1741693e-01 
   559 : -4.8012238e-01 -3.6008345e-01 
   560 :  4.8011214e-01  3.6001951e-01 
   561 : -4.8011856e-01 -6.2008985e-01 
   562 :  4.8011684e-01  6.2008580e-01 
   563 : -4.8010960e-01  6.6001596e-01 
   564 :  4.8008015e-01 -6.5998189e-01 
   565 :  4.8011307e-01 -6.0001373e-01 
   566 : -2.0004639e-01 -9.8008877e-01 
   567 :  1.4007166e-01  9.8011011e-01 
   568 : -4.8009530e-01  3.1993013e-01 
   569 : -1.9996587e-01  9.8008569e-01 
   570 : -1.1997555e-01 -9.8011869e-01 
   571 :  1.0005961e-01 -9.8011539e-01 
   572 : -4.8008213e-01 -2.6000832e-01 
   573 : -4.8009016e-01 -6.8006393e-01 
   574 :  4.8011618e-01 -4.0001935e-01 
   575 : -1.2004335e-01  9.8011401e-01 
   576 : -4.8012699e-01  6.0000955e-01 
   577 : -4.8013408e-01  4.3995216e-01 
   578 : -2.6887117e-01  4.8112460e-01 
   579 : -2.0013408e-02 -9.8012721e-01 
   580 :  1.9929384e-02  9.8013196e-01 
   581 : -6.0072579e-02  9.8012831e-01 
   582 : -4.8012274e-01  5.3999301e-01 
   583 :  4.8012388e-01 -5.4001700e-01 
   584 : -4.8012944e-01 -5.0006686e-01 
   585 : -2.6886737e-01 -5.1880702e-01 
   586 : -4.8012211e-01 -4.2006849e-01 
   587 :  4.8012273e-01 -4.8002071e-01 
   588 :  4.8012480e-01  4.2000089e-01 
   589 :  4.8012600e-01  4.8000097e-01 
   590 :  4.8013095e-01  5.4002172e-01 
   591 :  1.8004289e-01 -9.8006680e-01 
   592 :  4.8006620e-01 -3.1995301e-01 
   593 : -2.0728343e-01 -7.5918708e-01 
   594 : -2.1040240e-01  7.5842815e-01 
   595 : -2.5586123e-01 -2.9711655e-01 
   596 : -2.6264504e-01 -7.0348483e-01 
   597 : -2.6240840e-01  2.9669359e-01 
   598 : -4.8001166e-01 -8.6000765e-01 
   599 : -4.0000720e-01  9.8000743e-01 
   600 :  4.0000327e-01 -9.8000873e-01 
   601 : -4.0000148e-01 -9.8000825e-01 
   602 :  4.8001278e-01  8.8000489e-01 
   603 :  4.0000330e-01  9.8000983e-01 
   604 : -4.8004369e-01 -2.2067637e-05 
   605 : -4.8000391e-01  9.4000016e-01 
   606 :  4.8000424e-01 -9.4000038e-01 
   607 :  4.8000516e-01  9.2000403e-01 
   608 : -4.8000347e-01 -9.2000253e-01 
   609 :  1.8765320e-02  2.3123805e-01 
   610 :  4.4000179e-01  9.8000332e-01 
   611 : -4.4000115e-01 -9.8000250e-01 
   612 : -5.6249423e-02 -2.3124535e-01 
   613 :  5.9997666e-02  9.8013468e-01 
   614 : -2.4004699e-01 -9.8006620e-01 
   615 : -4.8013020e-01 -5.4010818e-01 
   616 : -4.8011908e-01  3.9993172e-01 
   617 : -4.8007162e-01  2.7994312e-01 
   618 :  4.8009061e-01  6.6006043e-01 
   619 :  6.0010388e-02 -9.8012785e-01 
   620 :  4.8005532e-01  4.0032607e-02 
   621 :  4.8004394e-01 -2.7996233e-01 
   622 : -4.8002886e-01 -8.0002519e-01 
   623 : -4.8006983e-01  7.1998566e-01 
   624 : -4.8004204e-01 -4.0021111e-02 
   625 :  4.8003539e-01 -1.5998523e-01 
   626 :  4.8005368e-01 -7.1996399e-01 
   627 : -4.8004051e-01  1.5998239e-01 
   628 :  4.8004458e-01 -5.9990291e-02 
   629 : -2.7999566e-01  9.8004878e-01 
   630 :  4.8000130e-01  9.6000149e-01 
   631 : -4.6000158e-01  9.8000062e-01 
   632 : -4.8000956e-01  9.0000161e-01 
   633 :  4.6000179e-01 -9.8000085e-01 
   634 :  4.8001006e-01 -9.0000104e-01 
   635 : -4.8000090e-01 -9.6000088e-01 
   636 :  5.6384264e-02  2.3125858e-01 
   637 :  5.6538225e-02 -7.6887522e-01 
   638 :  2.6878940e-01  4.2468181e-01 
   639 :  2.6886971e-01  5.1869832e-01 
   640 :  1.8792677e-02  7.6887046e-01 
   641 :  2.6887531e-01 -5.7511152e-01 
   642 : -1.1224303e-01 -7.6872624e-01 
   643 : -1.3055786e-01  2.3119279e-01 
   644 :  1.3328854e-01 -2.3118230e-01 
   645 :  9.4458547e-02  2.3136774e-01 
   646 :  9.4516353e-02 -7.6888684e-01 
   647 :  1.1245735e-01  7.6876656e-01 
   648 :  2.6874779e-01 -3.8711282e-01 
   649 :  2.6876130e-01  6.1256671e-01 
   650 :  1.5243169e-01  2.3283773e-01 
   651 :  2.6754617e-01  3.4576000e-01 
   652 :  2.6784595e-01  6.5016762e-01 
   653 :  1.5018592e-01  7.6828836e-01 
   654 : -4.8013015e-01  5.7999373e-01 
   655 : -4.8011467e-01 -6.4008614e-01 
   656 : -4.8011298e-01 -3.2004887e-01 
   657 : -4.8012676e-01 -5.8010717e-01 
   658 :  4.8012199e-01 -5.8001934e-01 
   659 :  4.8009643e-01  3.2001652e-01 
   660 :  4.8012844e-01  5.8006149e-01 
   661 : -1.6001586e-01 -9.8010668e-01 
   662 :  4.8012384e-01 -4.6003107e-01 
   663 :  1.0007577e-01  9.8013328e-01 
   664 : -1.0005766e-01  9.8012080e-01 
   665 :  1.4006383e-01 -9.8009293e-01 
   666 : -4.8008538e-01  6.9999627e-01 
   667 : -4.8013230e-01  4.8000455e-01 
   668 : -4.8011545e-01  3.7993401e-01 
   669 : -4.8011187e-01  3.5993344e-01 
   670 : -4.8012798e-01 -3.8009143e-01 
   671 :  4.8012067e-01  3.8001059e-01 
   672 : -7.9955977e-02 -9.8012733e-01 
   673 :  1.9967242e-02 -9.8013227e-01 
   674 : -4.8011974e-01  6.4002439e-01 
   675 : -2.3996181e-01  9.8007115e-01 
   676 :  4.8009355e-01 -6.3999641e-01 
   677 : -2.0079039e-02  9.8013030e-01 
   678 : -3.9986894e-02 -9.8012916e-01 
   679 :  4.8012875e-01  4.3999690e-01 
   680 :  1.6005262e-01  9.8009733e-01 
   681 : -1.7998550e-01  9.8009464e-01 
   682 : -4.8012679e-01  5.2000700e-01 
   683 : -4.8012388e-01 -4.4004923e-01 
   684 : -4.8012730e-01 -4.6003874e-01 
   685 : -4.8008030e-01 -7.0005378e-01 
   686 :  4.8012594e-01 -5.2001741e-01 
   687 :  4.8010711e-01 -3.7999568e-01 
   688 :  4.8012927e-01  5.0000172e-01 
   689 : -1.6000849e-01  9.8010369e-01 
   690 :  4.8012483e-01 -4.4004013e-01 
   691 : -4.8009372e-01 -2.8001094e-01 
   692 : -4.8006217e-01 -2.2001661e-01 
   693 : -4.8007019e-01 -7.2004586e-01 
   694 : -2.6003990e-01 -9.8005674e-01 
   695 :  4.8007954e-01  6.8004489e-01 
   696 : -4.8006185e-01  2.5995440e-01 
   697 :  4.8007183e-01  2.7999787e-01 
   698 :  4.8006389e-01 -6.9996202e-01 
   699 :  4.8005337e-01  6.0030444e-02 
   700 :  4.8005070e-01  8.0027622e-02 
   701 :  4.8005007e-01 -3.9988973e-02 
   702 :  4.8009518e-01 -3.5997454e-01 
   703 :  4.8004011e-01 -2.5997128e-01 
   704 : -4.8003976e-01  1.1997131e-01 
   705 : -4.8003808e-01  5.9985096e-02 
   706 : -4.8004628e-01 -1.6003707e-01 
   707 :  4.8004748e-01  2.2000143e-01 
   708 : -4.8004043e-01  3.9986700e-02 
   709 : -4.8003528e-01  7.9999442e-01 
   710 :  1.8003475e-01  9.8008380e-01 
   711 :  2.3999925e-01  9.8004548e-01 
   712 :  2.5999465e-01  9.8003925e-01 
   713 : -3.4000900e-01 -9.8002446e-01 
   714 : -2.8003156e-01 -9.8004774e-01 
   715 :  3.4000164e-01  9.8002312e-01 
   716 :  2.7999373e-01  9.8003524e-01 
   717 :  4.8003866e-01 -2.3997842e-01 
   718 : -4.8004293e-01 -6.0016289e-02 
   719 :  4.8003047e-01 -7.9999794e-01 
   720 : -4.8004424e-01 -8.0015180e-02 
   721 :  2.2002315e-01 -9.8004610e-01 
   722 :  3.5999643e-01 -9.8001835e-01 
   723 :  2.9999775e-01 -9.8003011e-01 
   724 :  2.8000390e-01 -9.8003368e-01 
   725 :  4.8006819e-01  7.0003395e-01 
   726 :  4.8003696e-01  7.6001585e-01 
   727 :  4.8003287e-01  7.8001211e-01 
   728 : -4.8005389e-01  2.3996666e-01 
   729 :  4.8003691e-01 -1.3998572e-01 
   730 :  4.8003989e-01  1.4001281e-01 
   731 :  4.8004075e-01  1.6000839e-01 
   732 : -3.6001401e-01  9.8001655e-01 
   733 : -4.8002264e-01 -8.2001827e-01 
   734 : -4.8001348e-01  8.8000379e-01 
   735 :  4.8001393e-01 -8.8000207e-01 
   736 :  4.8002192e-01  8.4000531e-01 
   737 : -4.8000845e-01 -8.8000547e-01 
   738 :  3.6000321e-01  9.8001903e-01 
   739 : -3.6000454e-01 -9.8001844e-01 
   740 :  4.6000117e-01  9.8000174e-01 
   741 :  4.8000056e-01  9.8000073e-01 
   742 : -4.8000077e-01  9.8000012e-01 
   743 : -4.4000294e-01  9.8000198e-01 
   744 :  4.8000087e-01 -9.8000021e-01 
   745 :  4.4000309e-01 -9.8000248e-01 
   746 : -4.6000080e-01 -9.8000121e-01 
   747 : -4.8000039e-01 -9.8000047e-01 
   748 : -1.8721292e-02  2.3122305e-01 
   749 :  3.7596140e-02 -2.3123736e-01 
   750 : -9.3504917e-02  2.3110716e-01 
   751 :  7.5456312e-02 -2.3116840e-01 
   752 : -1.8744211e-02 -2.3124772e-01 
   753 : -7.4999324e-02 -2.3124717e-01 
   754 : -9.3739780e-02 -2.3127048e-01 
   755 :  2.6887076e-01 -4.9988828e-01 
   756 : -2.6886948e-01  5.1864874e-01 
   757 : -2.6871788e-01  3.8742268e-01 
   758 : -1.8696545e-02  7.6887045e-01 
   759 : -2.6886809e-01 -5.5629170e-01 
   760 :  2.6886988e-01 -4.6240875e-01 
   761 : -1.8688428e-02 -7.6887177e-01 
   762 :  2.6883771e-01  5.9376221e-01 
   763 : -2.6871028e-01 -6.1254890e-01 
   764 : -2.6886956e-01  4.4362132e-01 
   765 :  9.3726382e-02  7.6883510e-01 
   766 : -9.3621021e-02 -7.6882250e-01 
   767 : -2.6885809e-01 -4.2516827e-01 
   768 : -2.6886720e-01 -5.0006913e-01 
   769 : -7.4988852e-02  7.6886573e-01 
   770 : -9.3741552e-02  7.6884771e-01 
   771 :  2.6883343e-01 -4.0607792e-01 
   772 :  2.6886948e-01  4.9994911e-01 
   773 : -2.6885652e-01  5.7483293e-01 
   774 : -2.6883600e-01  5.9343450e-01 
   775 : -2.6886818e-01 -4.8132530e-01 
   776 :  2.6888803e-01 -5.9403536e-01 
   777 :  2.6871083e-01  4.0554329e-01 
   778 : -2.6884237e-01 -4.0658790e-01 
   779 :  1.7160861e-01  2.3535451e-01 
   780 :  2.6446301e-01  3.2461036e-01 
   781 :  2.1649739e-01 -2.4681004e-01 
   782 :  2.4643679e-01 -7.1606710e-01 
   783 : -1.1243839e-01 -2.3139504e-01 
   784 : -2.6877746e-01  6.1194040e-01 
   785 : -2.6879676e-01 -3.8817591e-01 
   786 : -1.1245228e-01  7.6877980e-01 
   787 : -2.2001727e-01 -2.4724824e-01 
   788 : -2.4692082e-01 -2.8168596e-01 
   789 : -2.1912901e-01 -7.4723462e-01 
   790 : -2.2198781e-01  7.4387834e-01 
   791 : -2.4811231e-01  2.7396959e-01 
   792 : -2.4818882e-01 -7.2660423e-01 
   793 : -2.6872600e-01  6.8478184e-01 
   794 : -1.8586366e-01 -2.4010423e-01 
   795 : -2.6715885e-01 -3.1076864e-01 
   796 : -1.8459939e-01 -7.6783174e-01 
   797 : -1.8566361e-01  7.6863904e-01 
   798 : -2.6270224e-01  3.1424328e-01 
   799 : -2.6285766e-01 -6.8579754e-01 
   800 : -2.0851421e-01  2.4043881e-01 
   801 : -2.5890786e-01  7.0693442e-01 
   802 : -1.8688419e-01  2.3733217e-01 
   803 :  9.5524990e-02 -2.1220732e-01 
   804 :  5.8642240e-05 -2.1249431e-01 
   805 : -1.1238593e-01 -2.1273656e-01 
   806 :  1.3451457e-01  2.1338529e-01 
   807 : -1.8812167e-01  2.1399772e-01 
   808 : -2.0121305e-01 -2.2420126e-01 
   809 :  4.6013431e-01  4.0081235e-02 
   810 :  4.6010953e-01 -5.9985269e-02 
   811 :  2.3739953e-01 -2.3651136e-01 
   812 : -4.6009024e-01  7.9955683e-02 
   813 : -4.6010466e-01 -4.0039676e-02 
   814 :  4.6009955e-01  1.2004127e-01 
   815 :  4.6008680e-01 -1.5997850e-01 
   816 :  2.6107343e-01 -7.2825531e-01 
   817 :  3.1999363e-01 -9.6006319e-01 
   818 :  4.6005115e-01  8.4002017e-01 
   819 : -2.6009257e-01 -9.6012119e-01 
   820 : -4.6012400e-01 -2.0003457e-01 
   821 : -4.6007086e-01 -8.0006042e-01 
   822 :  4.6010400e-01  1.9999803e-01 
   823 : -4.6014126e-01  2.5989391e-01 
   824 : -4.6016461e-01  7.1997380e-01 
   825 : -1.9991978e-01  9.6019829e-01 
   826 : -4.6018743e-01 -2.5999535e-01 
   827 : -4.6020499e-01 -6.8015288e-01 
   828 :  2.2001546e-01  9.6013413e-01 
   829 :  4.6010391e-01  7.4005011e-01 
   830 :  2.8727037e-01  6.3156250e-01 
   831 :  1.3091798e-01  7.8734429e-01 
   832 : -2.8770652e-01  5.9307534e-01 
   833 : -2.8776380e-01 -5.7510975e-01 
   834 :  2.8778653e-01 -5.7528612e-01 
   835 : -2.8770533e-01 -4.0695831e-01 
   836 : -2.8776658e-01  4.2469146e-01 
   837 : -1.1212157e-01 -7.8747090e-01 
   838 : -5.6211030e-02  7.8778239e-01 
   839 :  2.8760344e-01  4.2412558e-01 
   840 :  2.8777339e-01 -4.4358022e-01 
   841 :  2.8776876e-01  4.9981696e-01 
   842 : -2.8777425e-01 -5.0012180e-01 
   843 :  2.8713921e-01 -3.6733348e-01 
   844 :  2.8701906e-01  3.6442723e-01 
   845 : -2.0032266e-02 -9.6030603e-01 
   846 : -4.6029796e-01  5.3997259e-01 
   847 :  4.6014465e-01  2.5996433e-01 
   848 :  4.6019440e-01 -6.5997352e-01 
   849 :  4.6010629e-01 -2.7991052e-01 
   850 :  2.2005916e-01 -9.6011131e-01 
   851 : -2.2748783e-01  7.6907684e-01 
   852 : -2.6698557e-01  7.1766605e-01 
   853 : -2.8393741e-01 -7.0096768e-01 
   854 :  4.6026807e-01  3.6001052e-01 
   855 : -4.6029488e-01 -3.6022104e-01 
   856 : -4.6025994e-01  6.6003661e-01 
   857 :  4.6027047e-01 -6.0005057e-01 
   858 : -4.6028918e-01  3.9983660e-01 
   859 :  4.6030060e-01 -5.4004222e-01 
   860 : -4.6029607e-01 -4.2016591e-01 
   861 :  4.6030067e-01  4.1996848e-01 
   862 :  4.6029660e-01 -4.4008639e-01 
   863 : -1.0012994e-01  9.6028831e-01 
   864 :  4.6030856e-01  4.7996246e-01 
   865 :  1.4015797e-01  9.6026591e-01 
   866 :  4.6026297e-01 -3.7999710e-01 
   867 :  4.6021796e-01  6.6014689e-01 
   868 : -2.7927335e-01 -2.9695658e-01 
   869 : -2.8309537e-01  2.9933335e-01 
   870 : -1.9999295e-01 -7.7395311e-01 
   871 : -3.4002243e-01 -9.6005755e-01 
   872 :  3.1999754e-01  9.6006447e-01 
   873 : -4.6003035e-01 -8.6002072e-01 
   874 : -4.6002298e-01  9.0000793e-01 
   875 :  4.6002415e-01 -9.0000767e-01 
   876 :  2.4161389e-01 -2.7573381e-01 
   877 :  2.2557943e-01 -7.4128098e-01 
   878 :  2.5998993e-01  9.6009620e-01 
   879 : -9.3752198e-02  7.8775054e-01 
   880 :  2.2656505e-01  2.6231505e-01 
   881 :  2.5211535e-01  7.0646005e-01 
   882 : -2.2409696e-01  2.2558609e-01 
   883 :  2.1618569e-01  7.4634527e-01 
   884 :  2.6880629e-01 -6.5252065e-01 
   885 :  1.5236733e-01 -7.6745910e-01 
   886 :  2.6752390e-01 -3.4836622e-01 
   887 :  1.5319942e-01 -2.3168249e-01 
   888 :  1.5423832e-01  2.1460851e-01 
   889 :  2.8661952e-01  3.4281815e-01 
   890 :  1.9059871e-01  2.3969126e-01 
   891 :  2.5763775e-01  3.0472515e-01 
   892 :  1.9369364e-01 -2.3981137e-01 
   893 :  2.5684346e-01 -6.9899344e-01 
   894 :  2.6645376e-01  6.6890996e-01 
   895 :  1.7551115e-01  7.6842548e-01 
   896 :  1.1370264e-01  2.3151367e-01 
   897 :  1.1369208e-01 -7.6880416e-01 
   898 :  2.6859186e-01  3.8614289e-01 
   899 :  2.6890160e-01 -6.1304811e-01 
   900 :  1.1386335e-01 -2.3108979e-01 
   901 : -4.6027633e-01  3.7983763e-01 
   902 :  4.6030329e-01 -4.6006333e-01 
   903 : -4.6030271e-01 -4.4011422e-01 
   904 :  1.6011282e-01  9.6023643e-01 
   905 : -4.8012688e-01 -6.0010021e-01 
   906 :  4.8012785e-01  6.0007975e-01 
   907 : -4.8010674e-01  3.3992847e-01 
   908 : -4.8013321e-01 -5.6011317e-01 
   909 : -4.8013886e-01  4.5997960e-01 
   910 : -4.8013439e-01  4.1993294e-01 
   911 :  3.9956414e-02  9.8013775e-01 
   912 : -8.1383996e-05  9.8013538e-01 
   913 : -3.2394962e-05 -9.8013625e-01 
   914 :  4.8013503e-01  5.6003869e-01 
   915 : -4.8013314e-01  5.0001398e-01 
   916 : -4.0078691e-02  9.8013363e-01 
   917 : -4.8013448e-01 -5.2009120e-01 
   918 :  1.2008601e-01  9.8012991e-01 
   919 :  8.0046372e-02  9.8013959e-01 
   920 : -8.0069176e-02  9.8013039e-01 
   921 : -9.9962625e-02 -9.8012745e-01 
   922 : -1.8003596e-01 -9.8010097e-01 
   923 : -5.9965967e-02 -9.8013219e-01 
   924 : -1.4002999e-01  9.8011243e-01 
   925 : -1.3999769e-01 -9.8011610e-01 
   926 : -4.8013202e-01 -4.8004559e-01 
   927 :  4.8012799e-01 -5.0001782e-01 
   928 :  4.8013345e-01  4.5999428e-01 
   929 :  4.8013396e-01  5.2000636e-01 
   930 :  3.9981683e-02 -9.8013489e-01 
   931 :  8.0039350e-02 -9.8012673e-01 
   932 :  4.8012890e-01  4.0000110e-01 
   933 : -4.8013191e-01 -4.0008841e-01 
   934 : -4.8010653e-01 -6.6007973e-01 
   935 :  4.8012845e-01 -4.2003656e-01 
   936 : -4.8013175e-01  5.5998599e-01 
   937 :  4.8012953e-01 -5.6002094e-01 
   938 : -4.8012773e-01  6.2002254e-01 
   939 : -1.7996520e-01  9.6022146e-01 
   940 : -4.8012424e-01 -3.4007394e-01 
   941 : -4.8010625e-01 -3.0002610e-01 
   942 :  4.6019075e-01  6.8011478e-01 
   943 : -2.2005208e-01 -9.8007937e-01 
   944 :  4.8010973e-01  6.4008101e-01 
   945 : -4.8008606e-01  2.9993139e-01 
   946 : -2.1995597e-01  9.8008248e-01 
   947 :  4.8011025e-01  3.4001870e-01 
   948 : -4.8010266e-01  6.8000794e-01 
   949 :  4.8010876e-01 -6.2000959e-01 
   950 :  1.2006982e-01 -9.8010875e-01 
   951 : -4.6018163e-01 -7.0013127e-01 
   952 : -4.8007467e-01 -2.4000927e-01 
   953 :  4.6012990e-01  6.0078129e-02 
   954 : -2.5997632e-01  9.8006177e-01 
   955 :  4.8008643e-01  3.0000504e-01 
   956 :  4.8007520e-01 -6.7996968e-01 
   957 :  1.6005643e-01 -9.8008267e-01 
   958 :  4.8008272e-01 -3.3995875e-01 
   959 : -4.8006006e-01 -7.4004156e-01 
   960 :  2.0002012e-01  9.8007121e-01 
   961 :  4.8006096e-01  2.0033493e-02 
   962 : -4.6010738e-01 -6.0027199e-02 
   963 :  4.8005626e-01 -1.9982207e-02 
   964 : -4.8006209e-01  7.3998056e-01 
   965 : -3.0002356e-01 -9.8003977e-01 
   966 :  4.8005725e-01  7.2002722e-01 
   967 : -4.8004888e-01  2.1997682e-01 
   968 :  4.6009697e-01 -2.5993166e-01 
   969 : -4.6009359e-01  5.9972045e-02 
   970 :  4.6008954e-01  7.6004095e-01 
   971 :  4.6009658e-01  1.4002682e-01 
   972 : -3.0000874e-01  9.8003974e-01 
   973 :  4.8004721e-01 -7.3997388e-01 
   974 :  3.0000397e-01 -9.6007298e-01 
   975 :  4.8005670e-01 -2.9995253e-01 
   976 :  2.0003432e-01 -9.8005812e-01 
   977 :  4.8004778e-01  1.0002408e-01 
   978 :  4.8004440e-01 -7.9988716e-02 
   979 : -4.8004040e-01  9.9972644e-02 
   980 : -4.8005066e-01 -1.8003079e-01 
   981 :  4.8003854e-01 -2.1998273e-01 
   982 : -4.8004348e-01  1.9983403e-02 
   983 :  4.8005528e-01  2.3999617e-01 
   984 : -4.8004149e-01  1.3997552e-01 
   985 :  2.9999555e-01  9.8003235e-01 
   986 : -4.8004579e-01 -2.0023753e-02 
   987 : -4.8004703e-01 -1.4003517e-01 
   988 :  2.6001025e-01 -9.8003753e-01 
   989 :  4.8002969e-01  8.0000956e-01 
   990 : -4.8004288e-01  1.7998594e-01 
   991 : -4.8004594e-01 -1.0001959e-01 
   992 :  4.8003787e-01 -1.7998547e-01 
   993 : -4.8004372e-01  7.7998610e-01 
   994 :  4.8004328e-01  1.8000510e-01 
   995 :  4.8003945e-01 -1.1998622e-01 
   996 :  4.8003556e-01 -7.7999368e-01 
   997 : -4.8003951e-01 -7.8003351e-01 
   998 :  3.4000472e-01  9.6005581e-01 
   999 : -4.8002992e-01  8.2000281e-01 
  1000 :  4.8002736e-01 -8.2000181e-01 
  1001 :  3.3999421e-01 -9.8002384e-01 
  1002 : -3.4001680e-01  9.8002339e-01 
  1003 : -4.8001849e-01  8.6000601e-01 
  1004 :  4.8001853e-01 -8.6000321e-01 
  1005 :  4.8001815e-01  8.6000584e-01 
  1006 :  3.8000087e-01 -9.8001382e-01 
  1007 : -4.8001754e-01 -8.4001276e-01 
  1008 :  3.8000385e-01  9.8001476e-01 
  1009 : -3.8000247e-01 -9.8001323e-01 
  1010 : -3.8001099e-01  9.8001205e-01 
  1011 : -4.8000690e-01  9.2000108e-01 
  1012 :  4.8000885e-01  9.0000521e-01 
  1013 :  4.8000736e-01 -9.2000114e-01 
  1014 : -4.2000506e-01  9.8000446e-01 
  1015 :  4.2000410e-01 -9.8000534e-01 
  1016 : -4.8000587e-01 -9.0000401e-01 
  1017 :  4.8000298e-01  9.4000291e-01 
  1018 :  4.2000277e-01  9.8000633e-01 
  1019 : -4.6000468e-01  9.6000157e-01 
  1020 :  4.6000513e-01 -9.6000210e-01 
  1021 :  4.6000328e-01  9.6000428e-01 
  1022 : -4.8000206e-01 -9.4000174e-01 
  1023 : -4.2000157e-01 -9.8000510e-01 
  1024 : -4.8000221e-01  9.6000033e-01 
  1025 :  4.8000242e-01 -9.6000053e-01 
  1026 : -4.6000228e-01 -9.6000284e-01 
  1027 :  7.5354189e-02  2.3129772e-01 
  1028 : -3.7497426e-02 -2.3124641e-01 
  1029 :  3.7550167e-02  2.3124340e-01 
  1030 :  1.8798476e-02 -2.3124489e-01 
  1031 : -3.7439680e-02  2.3119656e-01 
  1032 :  5.6487836e-02 -2.3121208e-01 
  1033 :  1.5387052e-05  2.3123278e-01 
  1034 : -7.4994732e-02 -2.1248954e-01 
  1035 :  2.6887404e-01 -5.1864888e-01 
  1036 : -2.6883146e-01  4.0612962e-01 
  1037 :  7.5511594e-02 -7.6888874e-01 
  1038 :  2.6887404e-01 -4.8114262e-01 
  1039 : -2.6887023e-01  5.3740496e-01 
  1040 : -2.6887430e-01  4.6236609e-01 
  1041 :  3.7678586e-02 -7.6887435e-01 
  1042 : -2.6882770e-01 -5.9381889e-01 
  1043 : -3.7457955e-02  7.6887504e-01 
  1044 : -2.6887306e-01 -5.3754301e-01 
  1045 : -2.6887412e-01  4.9988163e-01 
  1046 : -2.6886926e-01 -4.6258085e-01 
  1047 :  3.7525529e-02  7.6887389e-01 
  1048 : -3.7428887e-02 -7.6887531e-01 
  1049 :  2.6887509e-01  5.3744472e-01 
  1050 :  7.4985798e-02  7.6886371e-01 
  1051 : -7.4912205e-02 -7.6886127e-01 
  1052 :  6.9446545e-05 -7.6887479e-01 
  1053 :  2.6883567e-01  4.4356701e-01 
  1054 :  5.6929354e-05  7.6887397e-01 
  1055 :  2.6887658e-01 -5.5626178e-01 
  1056 :  2.6886925e-01  4.8118229e-01 
  1057 :  2.6886331e-01 -4.2490222e-01 
  1058 :  2.6886499e-01  5.7497528e-01 
  1059 :  1.1243221e-01  7.8759110e-01 
  1060 :  2.8773201e-01  5.9379893e-01 
  1061 :  2.8771712e-01 -4.0594171e-01 
  1062 : -7.4840293e-02  2.3111972e-01 
  1063 : -2.8776328e-01 -4.4395273e-01 
  1064 : -2.8776089e-01  5.5602328e-01 
  1065 : -1.3103373e-01 -2.3184403e-01 
  1066 : -1.1207883e-01  2.3115114e-01 
  1067 : -2.6834268e-01 -6.3116814e-01 
  1068 : -2.6835517e-01  3.6880308e-01 
  1069 : -1.3079833e-01 -7.6853126e-01 
  1070 : -2.6864800e-01  6.3040068e-01 
  1071 : -1.3108057e-01  7.6860839e-01 
  1072 : -2.6874295e-01 -3.7007537e-01 
  1073 : -1.4946564e-01  2.3082224e-01 
  1074 : -2.4020861e-01 -2.6421218e-01 
  1075 : -2.3338986e-01  2.6494648e-01 
  1076 : -2.3462499e-01  7.3056371e-01 
  1077 : -2.3289136e-01 -7.3582889e-01 
  1078 : -1.6787420e-01 -2.3564143e-01 
  1079 : -2.6761953e-01  6.6731308e-01 
  1080 : -2.7293465e-01 -3.3660041e-01 
  1081 : -2.6542926e-01  3.3202554e-01 
  1082 : -1.6777595e-01 -7.6713192e-01 
  1083 : -1.6794842e-01  7.6743110e-01 
  1084 : -2.6550256e-01 -6.6795540e-01 
  1085 : -2.1805259e-01 -2.2464412e-01 
  1086 : -2.1767285e-01 -7.6871845e-01 
  1087 : -2.6684239e-01  2.7881948e-01 
  1088 : -2.6966896e-01 -2.8433247e-01 
  1089 : -2.6744173e-01 -7.2190544e-01 
  1090 :  2.3625356e-01  2.7251400e-01 
  1091 :  2.4406292e-01  7.1819192e-01 
  1092 : -2.7430787e-01  7.0046350e-01 
  1093 : -2.0217020e-01  7.7507042e-01 
  1094 : -1.9815876e-01  2.2720647e-01 
  1095 : -3.7369620e-02  2.1238552e-01 
  1096 :  1.5560365e-01  1.9576045e-01 
  1097 : -2.0212054e-01  2.0196657e-01 
  1098 : -2.1624011e-01 -2.0425257e-01 
  1099 :  4.4024890e-01  4.0150440e-02 
  1100 : -4.4016986e-01  7.9931435e-02 
  1101 :  2.3503802e-01  2.4781938e-01 
  1102 : -4.4019987e-01 -4.0038187e-02 
  1103 :  2.5888534e-01  7.3010718e-01 
  1104 :  3.2001448e-01 -9.4011656e-01 
  1105 :  3.2000004e-01  9.4012361e-01 
  1106 :  2.0916382e-01  7.7738135e-01 
  1107 :  5.6313255e-02  7.8777794e-01 
  1108 :  5.7040960e-02 -7.8778777e-01 
  1109 :  1.3452553e-01 -7.8723319e-01 
  1110 :  4.6010995e-01 -7.3995483e-01 
  1111 :  4.4018129e-01  1.2007212e-01 
  1112 :  4.6006304e-01 -8.2001437e-01 
  1113 : -4.6010076e-01  1.7996754e-01 
  1114 : -2.5994411e-01  9.6014065e-01 
  1115 : -4.6009960e-01  7.7998807e-01 
  1116 : -1.8009408e-01 -9.6022179e-01 
  1117 :  2.8397237e-01  6.8688285e-01 
  1118 :  4.4019157e-01  7.4008731e-01 
  1119 : -2.8596680e-01  3.5049258e-01 
  1120 : -5.6100973e-02 -7.8777969e-01 
  1121 :  2.8778335e-01 -4.9976246e-01 
  1122 : -2.8778113e-01  4.8094685e-01 
  1123 :  2.8791627e-01 -6.5278957e-01 
  1124 : -2.8590053e-01 -6.4933779e-01 
  1125 : -4.6033286e-01  4.5996059e-01 
  1126 :  3.9933787e-02 -9.6031666e-01 
  1127 : -4.6030121e-01 -6.0022012e-01 
  1128 : -4.0177289e-02  9.6031573e-01 
  1129 : -9.9930660e-02 -9.6029691e-01 
  1130 : -4.6032154e-01 -5.2016172e-01 
  1131 :  4.6030462e-01  6.0015427e-01 
  1132 :  3.9930868e-02  9.6033106e-01 
  1133 :  1.2016582e-01 -9.6026610e-01 
  1134 :  4.4017629e-01 -2.7984534e-01 
  1135 : -2.8783717e-01 -7.1820201e-01 
  1136 : -1.9978380e-01  9.4033078e-01 
  1137 : -2.8306944e-01  7.1782445e-01 
  1138 : -2.8718598e-01 -2.8827910e-01 
  1139 : -2.8668067e-01  2.8260195e-01 
  1140 :  3.0596228e-01  3.4181496e-01 
  1141 :  4.4041295e-01  6.6021980e-01 
  1142 :  1.3111174e-01  8.0618590e-01 
  1143 : -4.4055498e-01  3.9976645e-01 
  1144 :  4.4057113e-01 -4.4017200e-01 
  1145 : -4.4056128e-01 -4.2034754e-01 
  1146 : -4.4032098e-01 -6.8021050e-01 
  1147 : -2.1793438e-01  7.8472804e-01 
  1148 :  1.4018177e-01  9.4050569e-01 
  1149 : -2.1481535e-01 -7.8113852e-01 
  1150 : -3.4004016e-01  9.6005477e-01 
  1151 : -1.3006474e-01  2.1240882e-01 
  1152 :  1.5490393e-01 -2.1245826e-01 
  1153 :  3.8000824e-01 -9.6003258e-01 
  1154 : -4.2001329e-01  9.6001062e-01 
  1155 :  4.6002077e-01  9.0001571e-01 
  1156 :  4.2000797e-01  9.6001510e-01 
  1157 :  1.8786536e-02  2.1247017e-01 
  1158 : -2.8654742e-01 -3.4176871e-01 
  1159 : -2.8762937e-01  6.6622755e-01 
  1160 : -1.6680344e-01 -2.1757102e-01 
  1161 : -1.6903980e-01 -7.8890400e-01 
  1162 : -1.6724786e-01  7.8698529e-01 
  1163 :  2.8728339e-01  3.8480893e-01 
  1164 :  4.6028943e-01 -4.0005300e-01 
  1165 :  8.0133432e-02  9.6033109e-01 
  1166 : -4.6030912e-01 -4.0021924e-01 
  1167 :  4.6031121e-01  4.5995959e-01 
  1168 :  4.6029820e-01  3.9997597e-01 
  1169 :  4.6030068e-01 -5.6005314e-01 
  1170 :  1.2018711e-01  9.6030518e-01 
  1171 :  4.6022383e-01 -6.4000869e-01 
  1172 : -4.6019940e-01  6.9999434e-01 
  1173 :  4.6013178e-01 -1.9960592e-02 
  1174 : -4.6018752e-01  2.9984505e-01 
  1175 :  4.6032124e-01  5.1996641e-01 
  1176 : -4.6029989e-01  6.2003504e-01 
  1177 : -4.6014287e-01 -2.2001262e-01 
  1178 : -4.6010248e-01  1.9974595e-02 
  1179 :  4.6019764e-01 -3.3990547e-01 
  1180 : -4.6024105e-01 -3.0005548e-01 
  1181 :  2.0004069e-01  9.6016690e-01 
  1182 : -4.6009754e-01  1.3994824e-01 
  1183 :  4.6013197e-01  7.2006620e-01 
  1184 :  4.6013195e-01 -2.9989196e-01 
  1185 :  4.6012927e-01  2.3997068e-01 
  1186 :  4.6020052e-01  2.9998295e-01 
  1187 :  4.6011186e-01  1.0005714e-01 
  1188 :  4.6009887e-01  1.8000600e-01 
  1189 : -4.6013617e-01 -7.4010108e-01 
  1190 : -4.6009185e-01 -7.8007817e-01 
  1191 :  2.9999093e-01  9.6007611e-01 
  1192 : -4.6011028e-01 -1.0002808e-01 
  1193 : -4.6011281e-01 -1.4005995e-01 
  1194 : -4.6011772e-01 -1.8005339e-01 
  1195 :  4.6004162e-01  8.6001990e-01 
  1196 :  4.6008970e-01 -2.1996632e-01 
  1197 :  4.6009330e-01 -1.1998065e-01 
  1198 : -4.6006889e-01  8.2001669e-01 
  1199 : -4.6004239e-01 -8.4003061e-01 
  1200 :  4.6001020e-01 -9.4000369e-01 
  1201 : -3.8000849e-01 -9.6003081e-01 
  1202 : -4.6001449e-01 -9.0001138e-01 
  1203 : -4.6000943e-01  9.4000296e-01 
  1204 :  4.6000711e-01  9.4000796e-01 
  1205 : -4.6000496e-01 -9.4000516e-01 
  1206 :  5.6879071e-02 -2.1241969e-01 
  1207 :  5.6533979e-02  2.1251205e-01 
  1208 : -1.8603807e-02 -7.8778661e-01 
  1209 :  1.8886787e-02  7.8778394e-01 
  1210 : -9.3549366e-02 -7.8766914e-01 
  1211 :  9.3749516e-02  7.8771232e-01 
  1212 : -2.8777450e-01 -4.6265253e-01 
  1213 :  2.8778202e-01 -4.6230034e-01 
  1214 : -2.8778148e-01  4.4342470e-01 
  1215 :  2.8778398e-01  5.5615586e-01 
  1216 : -9.3245384e-02  2.1218783e-01 
  1217 : -1.3085130e-01 -2.1342916e-01 
  1218 : -1.3054285e-01 -7.8710063e-01 
  1219 :  2.6393983e-01  2.7796913e-01 
  1220 :  2.8646169e-01  6.5041022e-01 
  1221 :  2.6167357e-01 -3.0898082e-01 
  1222 :  1.9119202e-01 -7.6160945e-01 
  1223 :  1.5959942e-01  7.8605849e-01 
  1224 :  2.8598474e-01 -3.4733684e-01 
  1225 :  1.5419369e-01 -7.8597853e-01 
  1226 :  2.1278104e-01  2.2519199e-01 
  1227 :  1.7376042e-01  2.1716205e-01 
  1228 :  2.0045379e-01 -2.2204188e-01 
  1229 :  2.7443239e-01  2.9513156e-01 
  1230 :  2.8746849e-01  4.0461442e-01 
  1231 :  1.1469456e-01  2.1292706e-01 
  1232 :  2.4537653e-01  7.4590804e-01 
  1233 :  2.8783831e-01 -6.3294482e-01 
  1234 :  4.6030755e-01 -4.2008654e-01 
  1235 : -2.1989269e-01  9.6018436e-01 
  1236 : -4.6031050e-01 -3.8024077e-01 
  1237 :  4.6031273e-01  4.3995938e-01 
  1238 :  4.6028989e-01  3.7998912e-01 
  1239 :  4.6029416e-01 -5.8005782e-01 
  1240 :  2.8656383e-01  3.1658228e-01 
  1241 : -1.8044440e-04  9.6032470e-01 
  1242 :  4.6025366e-01 -6.2003635e-01 
  1243 : -4.6023568e-01  6.8001540e-01 
  1244 : -1.4000907e-01 -9.6026336e-01 
  1245 : -4.6032019e-01  4.1985350e-01 
  1246 : -8.2705357e-05 -9.6031539e-01 
  1247 : -8.0151374e-02  9.6030425e-01 
  1248 : -4.6030682e-01  5.5994868e-01 
  1249 : -4.6016558e-01  2.7986653e-01 
  1250 : -4.6028649e-01 -3.4018197e-01 
  1251 :  4.6025467e-01  3.4001148e-01 
  1252 :  4.6032285e-01  4.9995425e-01 
  1253 : -4.6028943e-01  6.4004419e-01 
  1254 : -4.6023762e-01 -6.6017649e-01 
  1255 : -4.6031897e-01 -5.6022217e-01 
  1256 : -4.6031327e-01 -4.8007958e-01 
  1257 : -4.6031431e-01 -4.6007994e-01 
  1258 :  4.6025838e-01  6.4017614e-01 
  1259 :  1.6013528e-01 -9.6020252e-01 
  1260 : -4.6016644e-01 -2.3999617e-01 
  1261 : -2.2012082e-01 -9.6017156e-01 
  1262 :  2.8781075e-01 -5.9437077e-01 
  1263 : -4.6021751e-01 -2.8001291e-01 
  1264 :  1.8007330e-01  9.6020426e-01 
  1265 : -5.9927636e-02 -9.6030894e-01 
  1266 : -3.9972615e-02 -9.6031390e-01 
  1267 :  8.0084243e-02 -9.6030285e-01 
  1268 :  4.6032468e-01  5.6004042e-01 
  1269 : -4.6023362e-01  3.3983216e-01 
  1270 : -1.4006787e-01  9.6026180e-01 
  1271 : -1.6001612e-01  9.6024792e-01 
  1272 : -4.6031491e-01  5.0003488e-01 
  1273 :  4.6030266e-01 -5.0003477e-01 
  1274 :  4.6031069e-01 -4.8004308e-01 
  1275 :  4.6023862e-01 -3.5994487e-01 
  1276 :  4.6016275e-01  7.0008936e-01 
  1277 :  4.6017455e-01  2.7996340e-01 
  1278 :  4.6017479e-01 -6.7994505e-01 
  1279 : -4.6014077e-01  7.3996696e-01 
  1280 :  4.6011794e-01  2.1998283e-01 
  1281 :  4.6014277e-01  2.0077955e-02 
  1282 :  4.6012338e-01  8.0070641e-02 
  1283 : -4.6016077e-01 -7.2011621e-01 
  1284 : -2.4011118e-01 -9.6014584e-01 
  1285 :  4.6009705e-01  1.6001513e-01 
  1286 :  4.6012328e-01 -3.9977845e-02 
  1287 : -4.6031165e-01  5.2001117e-01 
  1288 :  4.6031021e-01 -5.2003582e-01 
  1289 :  2.7998826e-01  9.6008742e-01 
  1290 : -1.2010456e-01  9.6028325e-01 
  1291 : -4.6025923e-01  3.5983450e-01 
  1292 : -4.6011122e-01 -8.0020752e-02 
  1293 : -4.6010887e-01 -2.0042477e-02 
  1294 :  4.6010439e-01 -7.9984893e-02 
  1295 : -3.0005374e-01 -9.6008767e-01 
  1296 : -2.8007453e-01 -9.6010399e-01 
  1297 :  2.0008313e-01 -9.6013744e-01 
  1298 : -4.6009494e-01  9.9941408e-02 
  1299 : -4.6009958e-01  3.9979998e-02 
  1300 :  4.6008849e-01 -1.7997785e-01 
  1301 :  4.6008291e-01 -7.7999729e-01 
  1302 :  4.6009363e-01 -2.3995118e-01 
  1303 :  2.3999971e-01  9.6011563e-01 
  1304 :  4.6009171e-01 -1.3998140e-01 
  1305 : -4.6011219e-01  2.1994380e-01 
  1306 : -3.0002083e-01  9.6009154e-01 
  1307 : -3.2003745e-01 -9.6007367e-01 
  1308 :  4.6004244e-01 -8.6001368e-01 
  1309 :  1.1514563e-01 -2.1215724e-01 
  1310 :  2.6002878e-01 -9.6008844e-01 
  1311 :  2.8001765e-01 -9.6008279e-01 
  1312 :  4.6006853e-01  8.0002704e-01 
  1313 :  4.6006157e-01  8.2002452e-01 
  1314 : -4.6005695e-01 -8.2004497e-01 
  1315 :  4.6003359e-01 -8.8001157e-01 
  1316 : -4.6012661e-01  2.3991794e-01 
  1317 :  2.4004431e-01 -9.6010013e-01 
  1318 :  3.3999612e-01 -9.6005571e-01 
  1319 :  4.6007944e-01  7.8003419e-01 
  1320 : -3.6001420e-01 -9.6004453e-01 
  1321 : -3.8002768e-01  9.6002860e-01 
  1322 : -4.6004248e-01  8.6001761e-01 
  1323 :  4.6001703e-01 -9.2000604e-01 
  1324 : -4.6001596e-01  9.2000547e-01 
  1325 :  3.6000944e-01  9.6004570e-01 
  1326 :  3.8001114e-01  9.6003505e-01 
  1327 : -4.6002242e-01 -8.8001612e-01 
  1328 :  4.2001171e-01 -9.6001257e-01 
  1329 : -4.6003271e-01  8.8001334e-01 
  1330 :  4.4000901e-01 -9.6000650e-01 
  1331 : -4.2000538e-01 -9.6001219e-01 
  1332 : -4.4000884e-01  9.6000537e-01 
  1333 :  4.4000588e-01  9.6000906e-01 
  1334 : -4.4000412e-01 -9.6000680e-01 
  1335 :  1.8909773e-02 -2.1248833e-01 
  1336 :  7.6139353e-02 -2.1232522e-01 
  1337 : -1.8724541e-02 -2.1249313e-01 
  1338 : -1.8684177e-02  2.1243490e-01 
  1339 : -3.7489366e-02 -2.1248971e-01 
  1340 : -5.6244401e-02 -2.1248598e-01 
  1341 : -9.3718593e-02 -2.1254684e-01 
  1342 :  7.5683428e-02  2.1258205e-01 
  1343 :  2.8778218e-01  5.1858519e-01 
  1344 : -1.1244062e-01  7.8766008e-01 
  1345 : -2.8777460e-01  5.1852427e-01 
  1346 :  1.9024210e-02 -7.8778021e-01 
  1347 :  2.8777870e-01 -5.3739279e-01 
  1348 :  9.5518754e-02 -7.8782445e-01 
  1349 :  2.8760445e-01  6.1268303e-01 
  1350 :  2.8755184e-01 -3.8682338e-01 
  1351 : -1.8632886e-02  7.8778558e-01 
  1352 : -2.8778003e-01 -5.5632157e-01 
  1353 : -5.6021597e-02  2.1230411e-01 
  1354 : -2.8778172e-01 -5.1883869e-01 
  1355 : -7.4995222e-02  7.8778244e-01 
  1356 : -2.8774705e-01 -4.2537678e-01 
  1357 : -2.8774543e-01  5.7461943e-01 
  1358 : -2.8750718e-01 -6.1262256e-01 
  1359 : -2.8770312e-01 -5.9390017e-01 
  1360 : -2.8753499e-01  3.8729385e-01 
  1361 : -2.8771261e-01  4.0596026e-01 
  1362 :  2.8775841e-01  4.8100028e-01 
  1363 :  2.8768729e-01  4.4320290e-01 
  1364 : -2.8777338e-01  5.3729473e-01 
  1365 :  2.8778339e-01 -5.5631762e-01 
  1366 : -2.8777976e-01 -4.8138394e-01 
  1367 :  2.8776560e-01 -4.2480415e-01 
  1368 : -3.7423255e-02  7.8779104e-01 
  1369 :  2.8777522e-01  5.7496898e-01 
  1370 : -2.8763087e-01  6.1133174e-01 
  1371 : -2.8759911e-01 -3.8883645e-01 
  1372 : -1.4931890e-01  7.8715691e-01 
  1373 : -2.3710524e-01 -2.4338630e-01 
  1374 : -2.8743754e-01  6.4780679e-01 
  1375 : -2.8710553e-01 -3.5417241e-01 
  1376 : -1.6409980e-01  2.0868480e-01 
  1377 : -2.5498876e-01  2.6163545e-01 
  1378 : -2.5515156e-01 -7.3965062e-01 
  1379 : -2.3834249e-01  7.5461368e-01 
  1380 : -2.8327974e-01 -6.8425596e-01 
  1381 :  2.6944409e-01  7.0921786e-01 
  1382 : -2.8265811e-01  3.1572889e-01 
  1383 : -2.1215528e-01  2.1359912e-01 
  1384 : -2.6062894e-01 -2.6912031e-01 
  1385 : -2.3288644e-01 -7.6579293e-01 
  1386 : -2.3585456e-01  2.3904633e-01 
  1387 : -2.6009505e-01  7.2760757e-01 
  1388 :  2.5837131e-01 -2.8980956e-01 
  1389 :  2.1054976e-01 -7.5903101e-01 
  1390 : -2.8768886e-01  6.8382880e-01 
  1391 : -2.8259076e-01 -3.2143983e-01 
  1392 : -1.8282116e-01 -7.8173369e-01 
  1393 : -1.8422836e-01 -2.2109815e-01 
  1394 : -1.8435901e-01  7.8744993e-01 
  1395 :  1.9929763e-01  7.8001464e-01 
  1396 :  1.4860188e-01  7.8693104e-01 
  1397 :  2.1409887e-01 -2.2868361e-01 
  1398 :  2.7193308e-01 -7.1155503e-01 
  1399 :  2.8270015e-01 -6.9575918e-01 
  1400 :  1.6687502e-04 -1.9373778e-01 
  1401 : -1.1234282e-01 -1.9401535e-01 
  1402 : -3.7288300e-02  1.9356364e-01 
  1403 :  7.5876775e-02  1.9384054e-01 
  1404 :  9.6656667e-02 -1.9332882e-01 
  1405 :  2.1140934e-01 -2.0661192e-01 
  1406 : -2.1241285e-01  1.9352302e-01 
  1407 :  4.4022583e-01 -3.9970721e-02 
  1408 :  4.4016799e-01 -1.3999575e-01 
  1409 :  2.7920404e-01  7.4416380e-01 
  1410 : -4.4010540e-01 -8.2007541e-01 
  1411 :  2.4008760e-01 -9.4016716e-01 
  1412 :  2.7623417e-01 -7.4145590e-01 
  1413 :  4.4023890e-01  2.3985591e-01 
  1414 :  4.4012731e-01  8.0005324e-01 
  1415 :  2.3998294e-01  9.4022474e-01 
  1416 : -3.0155428e-01 -3.3346879e-01 
  1417 :  3.0671138e-01 -5.7558283e-01 
  1418 : -3.0674027e-01 -5.5637250e-01 
  1419 : -5.6271335e-02  8.0675540e-01 
  1420 : -3.0661284e-01  5.9277329e-01 
  1421 : -1.1230142e-01 -8.0627467e-01 
  1422 : -3.0673105e-01 -5.0010697e-01 
  1423 :  3.0675000e-01  5.5616071e-01 
  1424 :  3.0644778e-01  4.2324091e-01 
  1425 :  3.0670659e-01  4.9955874e-01 
  1426 : -3.0670285e-01  5.1839983e-01 
  1427 :  3.0594365e-01 -3.6698707e-01 
  1428 :  1.3584827e-01 -8.0623222e-01 
  1429 : -3.0744957e-01  6.6546864e-01 
  1430 :  3.0671603e-01 -6.3345068e-01 
  1431 : -1.3749009e-04 -9.4058612e-01 
  1432 :  4.4058138e-01 -5.0003433e-01 
  1433 : -1.2008984e-01  9.4053149e-01 
  1434 : -4.4036310e-01 -2.8006069e-01 
  1435 : -4.4028460e-01  2.9976057e-01 
  1436 : -2.2020021e-01 -9.4024584e-01 
  1437 : -4.4024011e-01  7.3994820e-01 
  1438 : -4.4021244e-01  2.3985475e-01 
  1439 : -4.4023754e-01 -2.1996276e-01 
  1440 : -2.8013430e-01 -9.4012735e-01 
  1441 :  2.0319384e-01  8.0099845e-01 
  1442 :  3.0621392e-01  6.3205830e-01 
  1443 : -4.4052965e-01  6.3992453e-01 
  1444 : -4.4051179e-01 -3.4042713e-01 
  1445 : -3.0672564e-01  4.2437737e-01 
  1446 : -3.0658607e-01 -4.0723176e-01 
  1447 :  3.0673309e-01 -4.4345766e-01 
  1448 :  4.4052799e-01  3.7993888e-01 
  1449 :  4.4057899e-01  4.5989273e-01 
  1450 :  4.4055660e-01 -5.6005062e-01 
  1451 : -4.4057023e-01  5.5983095e-01 
  1452 :  4.4045497e-01 -3.5999436e-01 
  1453 :  4.4046348e-01 -6.2003969e-01 
  1454 : -1.6744131e-01  8.0620282e-01 
  1455 :  4.4007592e-01 -8.6003620e-01 
  1456 : -3.6003276e-01 -9.4007974e-01 
  1457 : -4.4007713e-01  8.6004064e-01 
  1458 : -4.4004261e-01 -8.8003351e-01 
  1459 : -4.4039492e-01 -6.6022818e-01 
  1460 :  4.4025804e-01  2.0139606e-02 
  1461 :  2.3325293e-01 -7.5937567e-01 
  1462 :  1.7596310e-01  1.9831826e-01 
  1463 : -4.4060494e-01  4.1979066e-01 
  1464 :  4.4048511e-01  6.4023176e-01 
  1465 :  1.2024016e-01  9.4056592e-01 
  1466 :  2.5485648e-01 -2.7164348e-01 
  1467 : -2.1976658e-01  9.4030380e-01 
  1468 : -4.4041619e-01  6.7989239e-01 
  1469 :  1.8006569e-01  9.4037304e-01 
  1470 :  4.4022291e-01 -2.9983281e-01 
  1471 : -4.4020063e-01 -2.0038628e-02 
  1472 : -4.6031318e-01  5.9999267e-01 
  1473 : -4.4017291e-01  9.9905527e-02 
  1474 : -4.6029067e-01 -6.2021143e-01 
  1475 : -4.4025051e-01 -7.2021053e-01 
  1476 :  3.4001615e-01 -9.4010033e-01 
  1477 : -4.4020517e-01 -8.0006798e-02 
  1478 : -4.4018053e-01  3.9985671e-02 
  1479 :  4.4015643e-01 -2.3991502e-01 
  1480 :  4.6013108e-01 -7.1993578e-01 
  1481 :  3.6002257e-01  9.4008324e-01 
  1482 :  4.4002939e-01 -9.2001658e-01 
  1483 : -4.4002811e-01  9.2001489e-01 
  1484 : -3.7472495e-02 -1.9372707e-01 
  1485 : -3.0669595e-01 -4.4399909e-01 
  1486 : -9.3859103e-02  8.0672989e-01 
  1487 : -1.8385621e-01 -8.0333609e-01 
  1488 : -1.8315666e-01 -2.0187055e-01 
  1489 :  2.9139169e-01 -6.8546412e-01 
  1490 :  3.0726268e-01  3.2174502e-01 
  1491 :  1.3485461e-01 -2.1228978e-01 
  1492 :  2.2958543e-01  7.5993808e-01 
  1493 :  9.5077034e-02  2.1270802e-01 
  1494 :  3.0609739e-01  3.8347182e-01 
  1495 :  3.0595031e-01  3.6285939e-01 
  1496 :  2.8390181e-01 -3.2700429e-01 
  1497 :  1.7389067e-01 -7.8383232e-01 
  1498 :  2.3279484e-01  2.2746183e-01 
  1499 :  2.8372481e-01  7.0017540e-01 
  1500 :  1.7896147e-01 -2.1107846e-01 
  1501 :  1.8135287e-01  7.9041882e-01 
  1502 :  4.4057727e-01 -4.2019719e-01 
  1503 : -4.4056986e-01 -4.0046313e-01 
  1504 :  1.9903458e-02 -9.6032687e-01 
  1505 :  4.4057903e-01  4.3990579e-01 
  1506 : -1.4000187e-01  9.4050225e-01 
  1507 : -1.7983396e-01  9.4038180e-01 
  1508 : -1.1996737e-01 -9.6028626e-01 
  1509 :  1.0018131e-01  9.6033229e-01 
  1510 : -8.0186822e-02  9.4057304e-01 
  1511 :  4.4046875e-01  3.3993526e-01 
  1512 :  1.6010310e-01  9.4045141e-01 
  1513 : -4.6032024e-01 -5.8022545e-01 
  1514 : -4.6033055e-01 -5.4019590e-01 
  1515 : -4.6032705e-01 -5.0011165e-01 
  1516 : -4.6034205e-01  4.3990102e-01 
  1517 : -2.0186221e-02  9.6032912e-01 
  1518 : -6.0164005e-02  9.6032104e-01 
  1519 :  1.9858507e-02  9.6033756e-01 
  1520 : -4.6033519e-01  4.8001357e-01 
  1521 :  4.6032589e-01  5.8009520e-01 
  1522 :  6.0042086e-02  9.6034145e-01 
  1523 :  1.0014281e-01 -9.6029593e-01 
  1524 :  4.4023657e-01  7.2011681e-01 
  1525 :  4.6029374e-01  6.2017452e-01 
  1526 : -4.6021161e-01  3.1983229e-01 
  1527 :  1.4016005e-01 -9.6024424e-01 
  1528 :  4.4020405e-01  1.0010308e-01 
  1529 : -1.6005628e-01 -9.6024730e-01 
  1530 : -4.6032080e-01  5.7995342e-01 
  1531 : -4.4027251e-01 -7.0020245e-01 
  1532 :  4.4022532e-01  2.1989181e-01 
  1533 :  4.4014410e-01  1.8001085e-01 
  1534 :  4.4015990e-01  1.4004841e-01 
  1535 : -4.6027138e-01 -6.4019449e-01 
  1536 :  4.4016101e-01 -1.7998748e-01 
  1537 : -2.0011781e-01 -9.6019742e-01 
  1538 :  2.0015068e-01 -9.4024078e-01 
  1539 : -4.4020606e-01 -6.0018471e-02 
  1540 :  1.8011175e-01 -9.6017330e-01 
  1541 :  2.9998792e-01  9.4014842e-01 
  1542 :  4.6016736e-01 -3.1989077e-01 
  1543 : -4.4017671e-01  5.9963999e-02 
  1544 : -2.3990512e-01  9.6016674e-01 
  1545 : -4.6011672e-01 -1.6006182e-01 
  1546 : -4.6010104e-01  1.5996039e-01 
  1547 :  4.4015864e-01 -2.5987572e-01 
  1548 :  4.4019381e-01 -7.9998954e-02 
  1549 : -4.6011550e-01 -7.6009330e-01 
  1550 : -3.2003692e-01  9.6007347e-01 
  1551 : -7.9915535e-02 -9.6031436e-01 
  1552 :  4.6033520e-01  5.3998513e-01 
  1553 : -4.6010759e-01  1.9995911e-01 
  1554 :  6.0002132e-02 -9.6031981e-01 
  1555 : -3.9928437e-02 -9.4058074e-01 
  1556 :  4.4061192e-01  4.9983964e-01 
  1557 :  2.6006547e-01 -9.4015727e-01 
  1558 :  3.0002873e-01 -9.4013394e-01 
  1559 :  4.4058640e-01 -5.2002198e-01 
  1560 : -4.4058750e-01 -4.6012948e-01 
  1561 : -4.4058421e-01 -4.4023665e-01 
  1562 :  4.4058430e-01 -4.6011937e-01 
  1563 :  4.6015483e-01 -6.9993308e-01 
  1564 : -4.6011485e-01 -1.2004182e-01 
  1565 :  4.4055335e-01  3.9992418e-01 
  1566 :  4.6023647e-01  3.1999287e-01 
  1567 : -4.4017016e-01 -7.8014289e-01 
  1568 :  4.4056209e-01 -4.0016911e-01 
  1569 : -4.4057734e-01  5.1999512e-01 
  1570 : -4.4044105e-01  3.5977749e-01 
  1571 : -4.4051553e-01  3.7978899e-01 
  1572 : -4.6012113e-01  7.5997583e-01 
  1573 :  4.6009718e-01 -7.5997989e-01 
  1574 : -4.6027207e-01 -3.2012738e-01 
  1575 :  4.4054365e-01 -5.8005384e-01 
  1576 : -4.4056870e-01 -3.8052589e-01 
  1577 :  4.6003131e-01  8.8001914e-01 
  1578 : -3.0010595e-01 -9.4012581e-01 
  1579 :  4.6007434e-01 -8.0000964e-01 
  1580 : -4.6008510e-01  8.0000710e-01 
  1581 :  4.4042220e-01 -6.3999810e-01 
  1582 :  4.4032077e-01 -6.7992693e-01 
  1583 :  2.0001828e-01  9.4031442e-01 
  1584 :  4.4029030e-01  7.0015505e-01 
  1585 :  3.4001425e-01  9.4010532e-01 
  1586 :  4.4035599e-01  6.8018666e-01 
  1587 :  4.6014369e-01  6.2288738e-05 
  1588 :  4.6005429e-01 -8.4001710e-01 
  1589 :  4.4022402e-01  8.0129091e-02 
  1590 :  4.4024161e-01  6.0146461e-02 
  1591 :  4.4030799e-01  2.7985795e-01 
  1592 : -4.6010971e-01 -3.3562509e-05 
  1593 : -4.4035560e-01  6.9985900e-01 
  1594 : -4.6005683e-01  8.4002168e-01 
  1595 : -4.6009906e-01  1.1993935e-01 
  1596 : -4.4025168e-01  2.7979847e-01 
  1597 :  4.2002503e-01 -9.4002282e-01 
  1598 :  4.6010163e-01 -9.9984534e-02 
  1599 :  3.6000345e-01 -9.6004552e-01 
  1600 : -4.4021310e-01 -1.8004486e-01 
  1601 :  4.6009151e-01 -1.9997516e-01 
  1602 : -4.4027068e-01 -2.3994326e-01 
  1603 : -4.2002684e-01  9.4001986e-01 
  1604 : -2.7998730e-01  9.6011739e-01 
  1605 : -2.4017812e-01 -9.4017518e-01 
  1606 :  4.4014537e-01  7.8005939e-01 
  1607 :  4.4016751e-01  7.6006981e-01 
  1608 :  2.7997946e-01  9.4017550e-01 
  1609 : -3.2007678e-01 -9.4012023e-01 
  1610 : -4.4008162e-01 -8.4005545e-01 
  1611 : -4.0002083e-01  9.6001941e-01 
  1612 :  4.4011269e-01  8.2005054e-01 
  1613 : -3.6003623e-01  9.6004177e-01 
  1614 :  4.4007464e-01  8.6004717e-01 
  1615 :  4.0001283e-01 -9.6002249e-01 
  1616 :  4.0001054e-01  9.6002486e-01 
  1617 :  4.6001333e-01  9.2001261e-01 
  1618 :  4.2001802e-01  9.4002853e-01 
  1619 :  4.4005995e-01 -8.8003057e-01 
  1620 : -4.0000726e-01 -9.6002106e-01 
  1621 :  4.4001288e-01  9.4001704e-01 
  1622 : -4.4001780e-01  9.4001027e-01 
  1623 :  4.4001816e-01 -9.4001190e-01 
  1624 : -4.4005938e-01  8.8003170e-01 
  1625 : -4.4000909e-01 -9.4001210e-01 
  1626 : -4.6000945e-01 -9.2000865e-01 
  1627 :  3.7862578e-02 -2.1246596e-01 
  1628 :  7.7022349e-02 -1.9349698e-01 
  1629 : -7.4982115e-02 -1.9371605e-01 
  1630 :  3.4562691e-05  2.1245829e-01 
  1631 :  3.7612471e-02  2.1248237e-01 
  1632 : -7.4644708e-02  2.1222532e-01 
  1633 :  1.1263871e-01  8.0648691e-01 
  1634 : -3.0672660e-01 -5.7522781e-01 
  1635 :  3.0665587e-01 -4.0578757e-01 
  1636 :  3.0669843e-01  5.9395879e-01 
  1637 : -3.0668349e-01  5.5591809e-01 
  1638 :  1.4062800e-04  7.8779065e-01 
  1639 :  2.8778626e-01 -5.1855571e-01 
  1640 :  3.8003975e-02 -7.8778363e-01 
  1641 : -2.8778237e-01  4.9972903e-01 
  1642 :  1.1496213e-01 -7.8767873e-01 
  1643 :  2.8779228e-01  5.3736868e-01 
  1644 :  1.8599921e-04 -7.8778937e-01 
  1645 : -3.7351847e-02 -7.8779077e-01 
  1646 :  3.7615428e-02  7.8778728e-01 
  1647 :  2.8782721e-01 -6.1357302e-01 
  1648 : -3.0643575e-01 -6.1282606e-01 
  1649 : -2.8778878e-01 -5.3756939e-01 
  1650 : -7.4850296e-02 -7.8775336e-01 
  1651 :  7.5037876e-02  7.8776418e-01 
  1652 : -3.0649424e-01  3.8702407e-01 
  1653 : -2.8778762e-01  4.6217022e-01 
  1654 :  2.8778860e-01 -4.8102054e-01 
  1655 :  7.6259640e-02 -7.8781594e-01 
  1656 :  3.0671742e-01 -5.3744427e-01 
  1657 : -3.0672987e-01 -4.8136574e-01 
  1658 :  1.1522939e-01  1.9420369e-01 
  1659 :  1.3522772e-01  1.9469878e-01 
  1660 : -2.3521040e-01 -2.2190165e-01 
  1661 : -1.1176046e-01  2.1224086e-01 
  1662 : -1.7886144e-01  1.9986120e-01 
  1663 : -2.7198898e-01  2.5826152e-01 
  1664 :  2.5183098e-01  2.6288404e-01 
  1665 : -2.8752619e-01  6.2954008e-01 
  1666 : -2.8738618e-01 -3.7109069e-01 
  1667 : -1.8599306e-02  8.0675448e-01 
  1668 : -2.4319349e-01  7.7781780e-01 
  1669 :  2.8773329e-01  4.6211822e-01 
  1670 : -2.8694713e-01 -6.3113623e-01 
  1671 : -1.3098968e-01  7.8746426e-01 
  1672 : -2.8702546e-01  3.6875584e-01 
  1673 : -2.7333430e-01 -7.4425668e-01 
  1674 : -1.9697048e-01  7.8778974e-01 
  1675 : -2.9261300e-01 -3.0630467e-01 
  1676 : -2.8682038e-01  6.9633592e-01 
  1677 : -1.4902278e-01 -2.1498178e-01 
  1678 :  2.8103304e-01 -3.0662689e-01 
  1679 :  1.9362875e-01 -7.8120155e-01 
  1680 : -1.4881656e-01 -7.8692305e-01 
  1681 : -2.8443670e-01 -6.6708736e-01 
  1682 : -2.8424482e-01  3.3270717e-01 
  1683 :  2.8520274e-01  6.6906263e-01 
  1684 : -3.0268614e-01 -6.9963147e-01 
  1685 : -3.0042445e-01  3.0124118e-01 
  1686 : -2.5199782e-01 -2.5697313e-01 
  1687 : -2.4692287e-01  2.5216109e-01 
  1688 : -2.4640823e-01 -7.4981663e-01 
  1689 : -2.4966475e-01  7.4087800e-01 
  1690 : -2.2999364e-01 -7.8690793e-01 
  1691 : -2.8402888e-01 -2.7660541e-01 
  1692 :  1.9323114e-01  2.2099908e-01 
  1693 : -2.7556603e-01  7.3632576e-01 
  1694 : -1.4786371e-01  2.1206014e-01 
  1695 :  3.0128136e-01  2.9840721e-01 
  1696 :  1.4879712e-01  8.0565870e-01 
  1697 : -1.9346063e-01 -7.8934919e-01 
  1698 : -1.9978154e-01 -2.0402705e-01 
  1699 :  7.8017468e-02 -1.7468133e-01 
  1700 :  1.1504140e-01  1.7539708e-01 
  1701 :  4.2041569e-01  2.0221314e-02 
  1702 : -2.3313948e-01 -2.0169149e-01 
  1703 :  2.4790550e-01  2.2714611e-01 
  1704 : -4.2029545e-01  4.0007264e-02 
  1705 : -4.2034074e-01 -7.9962447e-02 
  1706 :  3.0007000e-01 -9.2022351e-01 
  1707 :  2.9995059e-01  9.2029078e-01 
  1708 :  4.2033185e-01  1.0015767e-01 
  1709 : -4.4018264e-01  1.5993180e-01 
  1710 : -2.7997520e-01  9.4020475e-01 
  1711 :  4.4020393e-01 -7.3993028e-01 
  1712 :  5.6525704e-02  8.0672854e-01 
  1713 :  5.7759000e-02 -8.0673289e-01 
  1714 :  4.2027566e-01  7.6002757e-01 
  1715 :  2.9798881e-01 -7.0689331e-01 
  1716 : -4.2017930e-01 -8.2006428e-01 
  1717 :  3.0002957e-01 -3.0493986e-01 
  1718 :  3.0109265e-01  6.8861929e-01 
  1719 : -4.2031407e-01 -2.3983083e-01 
  1720 : -2.8025884e-01 -9.1993184e-01 
  1721 : -3.2572823e-01 -5.5657723e-01 
  1722 : -1.8515503e-02 -8.0674728e-01 
  1723 : -2.6498188e-04  9.4063784e-01 
  1724 :  4.4063623e-01  5.5993731e-01 
  1725 :  8.0119477e-02 -9.4059100e-01 
  1726 : -1.1990245e-01 -9.4050268e-01 
  1727 :  1.9538816e-01 -8.0040224e-01 
  1728 : -2.9505125e-01 -7.3594596e-01 
  1729 : -4.2058359e-01 -6.5996621e-01 
  1730 : -1.8526465e-01  8.0582283e-01 
  1731 : -4.2030620e-01  2.9974098e-01 
  1732 :  4.2041740e-01  2.3945015e-01 
  1733 :  1.7981949e-01  9.2063252e-01 
  1734 :  4.2025191e-01 -2.9984322e-01 
  1735 :  4.2059061e-01  6.8015554e-01 
  1736 :  3.2500242e-01  3.8221615e-01 
  1737 : -4.2064964e-01  6.7919100e-01 
  1738 : -2.9752518e-01  7.0424873e-01 
  1739 :  1.3211613e-01  8.2509371e-01 
  1740 : -3.2570689e-01 -4.9999986e-01 
  1741 : -2.1075032e-01 -8.0098339e-01 
  1742 : -4.4061839e-01 -5.0010500e-01 
  1743 : -4.4060931e-01 -5.8028872e-01 
  1744 :  4.2101756e-01 -4.2050684e-01 
  1745 : -4.2095902e-01 -4.0098809e-01 
  1746 : -4.2105562e-01  4.1987973e-01 
  1747 :  4.2099418e-01  4.5981674e-01 
  1748 :  4.2095552e-01 -5.5989004e-01 
  1749 :  4.2102729e-01 -4.9999538e-01 
  1750 : -4.2099878e-01 -4.4049690e-01 
  1751 : -4.2086921e-01  3.7999154e-01 
  1752 : -1.1972133e-01  9.2095651e-01 
  1753 : -2.2021863e-01 -9.2016391e-01 
  1754 :  4.2080340e-01 -6.1986809e-01 
  1755 : -2.9252233e-01  2.6580090e-01 
  1756 : -1.7927653e-01  9.2052989e-01 
  1757 : -2.3438686e-01  7.9283081e-01 
  1758 : -3.0970579e-01 -3.1324420e-01 
  1759 :  4.2093195e-01  3.9989620e-01 
  1760 :  1.2001613e-01  9.2097141e-01 
  1761 : -3.0056261e-01 -2.7557714e-01 
  1762 :  4.2011778e-01 -8.6006839e-01 
  1763 : -4.2012564e-01  8.6008277e-01 
  1764 : -3.4007441e-01  9.4010055e-01 
  1765 :  4.2004387e-01 -9.2003553e-01 
  1766 : -4.2004566e-01  9.2003216e-01 
  1767 : -9.2910070e-02  1.9320200e-01 
  1768 :  1.5593324e-01 -1.9403509e-01 
  1769 :  1.5604903e-01  1.7643899e-01 
  1770 :  3.2486156e-01  3.4115391e-01 
  1771 :  8.0230286e-02  9.4063238e-01 
  1772 : -4.4064446e-01  4.5995811e-01 
  1773 :  3.0673863e-01 -6.1410386e-01 
  1774 : -4.4047116e-01 -3.2032146e-01 
  1775 :  4.4042958e-01  3.1990466e-01 
  1776 :  4.4038214e-01 -3.3991565e-01 
  1777 : -1.8016222e-01 -9.4033383e-01 
  1778 :  1.2026769e-01 -9.4054716e-01 
  1779 : -2.3981154e-01  9.4028169e-01 
  1780 : -4.4060573e-01  5.0004984e-01 
  1781 :  4.4024578e-01 -1.9931802e-02 
  1782 : -4.4019870e-01 -2.3826146e-05 
  1783 : -4.4017770e-01  1.1989973e-01 
  1784 :  4.4027829e-01 -6.9990893e-01 
  1785 : -4.4021291e-01 -1.2002780e-01 
  1786 : -4.2028774e-01 -7.0015212e-01 
  1787 :  3.4002393e-01  9.2017763e-01 
  1788 : -4.4021462e-01 -1.6005916e-01 
  1789 :  4.4018558e-01 -9.9999665e-02 
  1790 :  4.2022043e-01  8.0003399e-01 
  1791 : -4.4020570e-01 -7.6018071e-01 
  1792 :  4.4013405e-01 -8.0001949e-01 
  1793 :  4.2015362e-01 -2.5977801e-01 
  1794 :  4.4016236e-01 -1.9997548e-01 
  1795 : -4.4014323e-01  8.0005843e-01 
  1796 : -4.4019975e-01  7.6000334e-01 
  1797 :  4.0002336e-01  9.4004529e-01 
  1798 : -4.4001723e-01 -9.2001904e-01 
  1799 : -3.0672594e-01  4.8071367e-01 
  1800 :  3.0674055e-01 -4.9966567e-01 
  1801 :  9.3963499e-02  8.0663671e-01 
  1802 : -5.6101940e-02 -8.0672798e-01 
  1803 :  3.0673671e-01  5.1842947e-01 
  1804 :  1.8474063e-01  8.0387034e-01 
  1805 : -3.0359958e-01 -6.6713711e-01 
  1806 : -3.0585701e-01 -6.3134529e-01 
  1807 : -3.0368414e-01  3.3206207e-01 
  1808 : -3.0606110e-01  3.6851252e-01 
  1809 :  1.9576123e-01 -1.9480828e-01 
  1810 :  3.0657035e-01 -6.5282940e-01 
  1811 : -1.9893254e-01 -1.8472814e-01 
  1812 :  2.6421712e-01 -7.5818883e-01 
  1813 : -1.4796942e-01  1.9432655e-01 
  1814 :  1.1648320e-01 -1.9328217e-01 
  1815 :  2.8784467e-01  7.2239183e-01 
  1816 :  1.1620039e-01 -8.0670116e-01 
  1817 :  2.4748658e-01 -2.5445169e-01 
  1818 :  1.5556454e-01 -8.0496914e-01 
  1819 :  9.5384535e-02  1.9398864e-01 
  1820 :  2.3369631e-01  7.8182564e-01 
  1821 :  2.6048658e-01  7.5983429e-01 
  1822 :  3.0672432e-01 -5.9481707e-01 
  1823 :  1.0024167e-01  9.4062242e-01 
  1824 : -4.4065363e-01  4.3987446e-01 
  1825 :  4.4059348e-01  6.0014129e-01 
  1826 : -4.4041935e-01 -3.0020069e-01 
  1827 : -4.4054231e-01 -6.2028977e-01 
  1828 : -4.4061890e-01 -4.8009040e-01 
  1829 :  4.4037459e-01  2.9987303e-01 
  1830 : -4.0262725e-02  9.4060846e-01 
  1831 :  1.9819511e-02 -9.4059949e-01 
  1832 : -4.4059101e-01  5.7980934e-01 
  1833 : -4.4056854e-01  6.1989219e-01 
  1834 :  3.9956360e-02  9.4064825e-01 
  1835 : -2.0019507e-01 -9.4028231e-01 
  1836 :  4.4029688e-01 -3.1986683e-01 
  1837 :  4.4060176e-01 -4.8006648e-01 
  1838 :  4.4058845e-01 -5.4001674e-01 
  1839 :  4.4055838e-01  6.2019170e-01 
  1840 : -4.4048686e-01 -6.4023230e-01 
  1841 :  4.4026014e-01  1.1000623e-04 
  1842 :  4.4063429e-01  5.1982400e-01 
  1843 : -6.0218991e-02  9.4060516e-01 
  1844 :  4.4052116e-01 -6.0003604e-01 
  1845 : -4.4048745e-01  6.5985502e-01 
  1846 : -3.0916072e-01  6.8744460e-01 
  1847 : -4.4037040e-01  3.3976489e-01 
  1848 :  4.2047146e-01  7.0014217e-01 
  1849 : -5.9851355e-02 -9.4058680e-01 
  1850 : -4.4062959e-01 -5.4021016e-01 
  1851 : -4.4030967e-01  3.1975579e-01 
  1852 :  4.2038895e-01  6.0231236e-02 
  1853 :  1.6022609e-01 -9.4041001e-01 
  1854 : -4.4019428e-01  1.9989049e-02 
  1855 :  1.8018924e-01 -9.4032640e-01 
  1856 : -4.4023085e-01 -7.4020762e-01 
  1857 :  4.4017812e-01 -1.1999965e-01 
  1858 :  4.4016055e-01 -2.1994911e-01 
  1859 :  4.4018517e-01  1.9995464e-01 
  1860 :  3.6002389e-01 -9.4008110e-01 
  1861 : -9.9845849e-02 -9.4055309e-01 
  1862 :  3.9860924e-02 -9.4060256e-01 
  1863 : -4.4021446e-01 -1.0000553e-01 
  1864 : -2.6016140e-01 -9.4011348e-01 
  1865 : -3.0003449e-01  9.4016592e-01 
  1866 : -4.4020503e-01  2.1989170e-01 
  1867 :  4.4016657e-01 -1.5999626e-01 
  1868 :  2.5997518e-01  9.4020592e-01 
  1869 :  2.2011892e-01 -9.4019256e-01 
  1870 : -1.5987944e-01  9.4045067e-01 
  1871 : -2.0030468e-02 -9.4059656e-01 
  1872 :  4.4061304e-01  4.7986192e-01 
  1873 :  4.4018144e-01 -7.5996116e-01 
  1874 : -4.4058111e-01  5.3989354e-01 
  1875 :  4.4058013e-01  4.1991746e-01 
  1876 :  4.4052843e-01 -3.8010860e-01 
  1877 : -4.4022596e-01  2.5982656e-01 
  1878 : -1.0010537e-01  9.4057617e-01 
  1879 :  4.4005575e-01  8.8004371e-01 
  1880 :  4.2003421e-01  9.2004606e-01 
  1881 :  4.2102625e-01 -4.6025236e-01 
  1882 : -4.4014018e-01 -8.0010405e-01 
  1883 :  1.5983040e-01  9.2076874e-01 
  1884 : -4.4055493e-01 -3.6052832e-01 
  1885 :  4.4037748e-01 -6.5995787e-01 
  1886 :  4.4051222e-01  3.5993668e-01 
  1887 :  4.4013569e-01  1.6003509e-01 
  1888 :  2.1999023e-01  9.4026795e-01 
  1889 : -4.4022242e-01 -1.9999780e-01 
  1890 :  4.4026890e-01  2.5981953e-01 
  1891 :  2.8004755e-01 -9.4014993e-01 
  1892 :  4.4021265e-01 -5.9993312e-02 
  1893 : -4.4029690e-01  7.1988165e-01 
  1894 : -1.3997048e-01 -9.4044269e-01 
  1895 :  4.2086188e-01  6.4004371e-01 
  1896 : -3.0024893e-01 -9.2007616e-01 
  1897 : -4.2034074e-01 -5.9982629e-02 
  1898 :  4.2017502e-01  1.4009398e-01 
  1899 :  3.8002591e-01  9.4006483e-01 
  1900 : -3.8002457e-01 -9.4005761e-01 
  1901 : -4.4006152e-01 -8.6004344e-01 
  1902 : -3.8005423e-01  9.4005314e-01 
  1903 : -4.2033046e-01 -1.9989366e-02 
  1904 : -2.1939671e-01  9.2037832e-01 
  1905 : -4.4019727e-01  1.9992501e-01 
  1906 :  4.2037700e-01  7.2009869e-01 
  1907 :  3.8003007e-01 -9.4006020e-01 
  1908 : -4.2028863e-01  5.9961575e-02 
  1909 : -4.2028242e-01  9.9865103e-02 
  1910 : -4.4010082e-01  8.4005226e-01 
  1911 : -4.4031144e-01 -2.5998573e-01 
  1912 :  4.4009510e-01 -8.4004091e-01 
  1913 : -4.0001910e-01 -9.4003854e-01 
  1914 :  4.0003055e-01 -9.4004070e-01 
  1915 : -4.4002902e-01 -9.0002696e-01 
  1916 : -4.0004088e-01  9.4003581e-01 
  1917 : -3.4005302e-01 -9.4010426e-01 
  1918 :  3.4006530e-01 -9.2016299e-01 
  1919 :  4.4009559e-01  8.4004996e-01 
  1920 :  4.4003812e-01  9.0003632e-01 
  1921 : -4.2001447e-01 -9.4002386e-01 
  1922 :  4.4002404e-01  9.2002726e-01 
  1923 :  4.4004448e-01 -9.0002450e-01 
  1924 : -4.4004351e-01  9.0002366e-01 
  1925 :  5.7569711e-02 -1.9362537e-01 
  1926 :  3.8284181e-02 -1.9369856e-01 
  1927 :  1.9166780e-02 -1.9372829e-01 
  1928 : -5.6230453e-02 -1.9371661e-01 
  1929 : -1.8648119e-02  1.9363985e-01 
  1930 :  1.8806504e-02  1.9369431e-01 
  1931 : -1.8678038e-02 -1.9373418e-01 
  1932 : -9.3697653e-02 -1.9378414e-01 
  1933 :  5.6647644e-02  1.9375432e-01 
  1934 :  3.0655136e-01  4.4251529e-01 
  1935 :  3.0666837e-01  4.8062208e-01 
  1936 : -9.3651846e-02 -8.0655539e-01 
  1937 :  3.0643716e-01 -3.8657214e-01 
  1938 :  3.0656061e-01  6.1299581e-01 
  1939 : -3.0664580e-01 -5.9408150e-01 
  1940 : -3.0669592e-01  5.3720063e-01 
  1941 :  3.0670764e-01 -5.5649529e-01 
  1942 : -3.0672023e-01 -4.6264241e-01 
  1943 : -3.0673997e-01 -5.1882629e-01 
  1944 : -1.1256734e-01  8.0665392e-01 
  1945 :  3.0532030e-01  6.5125546e-01 
  1946 : -3.0666244e-01  4.0565130e-01 
  1947 : -3.7450531e-02  8.0675975e-01 
  1948 :  3.0674126e-01  5.7506006e-01 
  1949 :  1.9313247e-02 -8.0672731e-01 
  1950 : -5.5861019e-02  1.9343967e-01 
  1951 :  1.9039059e-02  8.0674793e-01 
  1952 : -3.0665625e-01  5.7445681e-01 
  1953 : -3.0665391e-01 -4.2550359e-01 
  1954 : -7.5094447e-02  8.0675549e-01 
  1955 : -3.0673989e-01  4.4311251e-01 
  1956 :  3.0674047e-01 -4.6217566e-01 
  1957 :  9.6651544e-02 -8.0681193e-01 
  1958 : -1.3072801e-01 -1.9479459e-01 
  1959 :  3.0671807e-01 -4.2466622e-01 
  1960 : -3.0671436e-01  4.9955749e-01 
  1961 :  3.0673381e-01 -5.1852752e-01 
  1962 : -1.9354108e-01  1.8846701e-01 
  1963 : -3.0674675e-01 -5.3759392e-01 
  1964 :  3.0675378e-01  5.3730119e-01 
  1965 :  3.0629348e-01  4.0350492e-01 
  1966 :  2.7748053e-01 -2.8643368e-01 
  1967 :  2.2988039e-04  8.0675689e-01 
  1968 :  2.1353187e-01 -7.7892267e-01 
  1969 :  2.4909392e-01 -7.4398021e-01 
  1970 : -3.0655165e-01  6.1086616e-01 
  1971 : -3.0642305e-01 -3.8921761e-01 
  1972 : -1.6214040e-01 -8.0428363e-01 
  1973 : -1.3081813e-01 -8.0570151e-01 
  1974 : -3.0669091e-01  6.4695412e-01 
  1975 : -3.0519493e-01 -3.5377257e-01 
  1976 : -2.9859566e-01 -2.9147604e-01 
  1977 :  2.2208258e-01  7.9867622e-01 
  1978 : -1.3027472e-01  1.9320706e-01 
  1979 : -1.4943655e-01  8.0635033e-01 
  1980 : -2.5599085e-01 -2.3739302e-01 
  1981 : -2.7808822e-01 -2.5535335e-01 
  1982 : -2.6169284e-01  2.4136113e-01 
  1983 : -2.5204561e-01  2.2648048e-01 
  1984 : -2.5396941e-01  7.6459140e-01 
  1985 : -2.6542769e-01  7.5124237e-01 
  1986 : -2.6146133e-01 -7.6182895e-01 
  1987 : -2.5253311e-01 -7.7699747e-01 
  1988 : -2.0593189e-01  8.0277108e-01 
  1989 : -1.6622437e-01 -1.9884004e-01 
  1990 :  2.9088789e-01  2.8336732e-01 
  1991 :  2.8016376e-01  2.6725157e-01 
  1992 :  1.6627546e-01  8.0518014e-01 
  1993 : -3.0545304e-01 -7.1441717e-01 
  1994 : -3.0415323e-01  2.8700267e-01 
  1995 : -1.9734856e-01 -8.1502406e-01 
  1996 : -2.1509079e-01 -1.8451216e-01 
  1997 : -2.9811536e-01  7.2718074e-01 
  1998 : -2.2627722e-01 -8.0018892e-01 
  1999 :  1.9616177e-01  2.0236475e-01 
  2000 :  2.1577889e-01  2.0692896e-01 
  2001 : -3.0262474e-01 -6.8404673e-01 
  2002 : -3.0105877e-01  3.1560359e-01 
  2003 : -2.2289054e-01  1.9909371e-01 
  2004 :  3.1113229e-04 -1.7498024e-01 
  2005 : -7.4957455e-02 -1.7491850e-01 
  2006 : -3.7188047e-02  1.7474084e-01 
  2007 :  2.0774493e-01 -1.8104018e-01 
  2008 : -2.1208241e-01  1.7737493e-01 
  2009 : -2.1446669e-01 -1.6546008e-01 
  2010 :  2.2024392e-01  1.8953385e-01 
  2011 :  4.2035470e-01 -5.9993807e-02 
  2012 :  4.2029108e-01 -1.2003162e-01 
  2013 : -4.0044890e-01  4.0042622e-02 
  2014 : -4.0052426e-01 -7.9887609e-02 
  2015 :  4.2024840e-01 -1.9997598e-01 
  2016 :  2.9140066e-01 -7.5542759e-01 
  2017 : -2.8035289e-01  7.6383394e-01 
  2018 : -2.8531032e-01 -2.3387196e-01 
  2019 : -2.6539284e-01  2.1838409e-01 
  2020 :  2.7254689e-01 -2.6654984e-01 
  2021 : -4.2034423e-01 -1.5998949e-01 
  2022 :  2.9782577e-01  7.4430800e-01 
  2023 :  2.4228377e-01  7.9515263e-01 
  2024 : -2.6514657e-01 -7.8409383e-01 
  2025 :  4.2035576e-01 -7.3977519e-01 
  2026 : -4.2031487e-01  2.3976298e-01 
  2027 : -2.7988603e-01  9.2031427e-01 
  2028 :  2.0022965e-01 -9.2033496e-01 
  2029 : -2.8065939e-01 -8.9906981e-01 
  2030 :  2.3984187e-01  9.2042005e-01 
  2031 : -4.2040759e-01  7.1952549e-01 
  2032 : -3.2561987e-01  5.1835256e-01 
  2033 : -5.6527666e-02  8.2575144e-01 
  2034 :  3.2574568e-01  5.5634106e-01 
  2035 :  1.9237059e-02  8.2573873e-01 
  2036 : -3.2552558e-01  5.9284073e-01 
  2037 : -1.1287073e-01 -8.2516423e-01 
  2038 : -3.2540391e-01 -6.1338362e-01 
  2039 :  9.7722230e-02 -8.2584980e-01 
  2040 :  3.1555913e-01  2.8729449e-01 
  2041 :  1.9769879e-02 -9.2102837e-01 
  2042 : -5.9633999e-02 -9.2100375e-01 
  2043 :  4.2093090e-01 -3.8049913e-01 
  2044 : -4.2081137e-01 -3.4113629e-01 
  2045 :  4.2064855e-01 -6.5983747e-01 
  2046 : -4.2056656e-01 -3.0070117e-01 
  2047 :  2.0862012e-01  8.2068104e-01 
  2048 :  4.2062143e-01  2.9966584e-01 
  2049 : -2.2730292e-01  8.1050994e-01 
  2050 : -3.1886288e-01 -2.7835231e-01 
  2051 :  1.5677214e-01 -8.2414573e-01 
  2052 :  4.0094107e-01  6.7978011e-01 
  2053 : -3.6007566e-01 -9.2012995e-01 
  2054 :  3.2571112e-01 -4.4323735e-01 
  2055 :  3.2532210e-01  4.2220293e-01 
  2056 :  3.2566176e-01  4.9926093e-01 
  2057 : -3.2570579e-01  4.2384455e-01 
  2058 : -3.2546551e-01 -4.0710305e-01 
  2059 :  3.2565054e-01 -5.3766158e-01 
  2060 : -3.2562418e-01 -4.4384867e-01 
  2061 :  3.2559448e-01 -5.7606709e-01 
  2062 :  3.2524507e-01  6.3308228e-01 
  2063 :  3.2485576e-01 -3.6645614e-01 
  2064 : -9.4238860e-02  8.2574056e-01 
  2065 : -3.1438918e-01  7.1773056e-01 
  2066 : -3.2546632e-01  3.8644163e-01 
  2067 :  4.2086155e-01  3.5982437e-01 
  2068 : -4.2106602e-01 -4.8009898e-01 
  2069 : -4.2103232e-01  5.0003140e-01 
  2070 : -6.0101198e-02  9.2104756e-01 
  2071 : -4.2098928e-01  5.5950306e-01 
  2072 : -4.2096389e-01  6.1932209e-01 
  2073 :  4.2110916e-01  5.1957043e-01 
  2074 :  3.2546097e-01 -6.3436574e-01 
  2075 : -9.9535136e-02 -9.2092971e-01 
  2076 : -3.1174224e-01 -7.2906283e-01 
  2077 : -4.2032355e-01 -7.4038436e-01 
  2078 : -2.0663836e-01 -8.2370616e-01 
  2079 :  4.2011770e-01  8.6008474e-01 
  2080 : -3.1044433e-01  2.7168157e-01 
  2081 :  1.5901945e-01  9.0123169e-01 
  2082 : -1.5353724e-01  1.7222879e-01 
  2083 : -4.2009968e-01 -8.6006602e-01 
  2084 :  2.1593946e-01 -7.9775282e-01 
  2085 : -4.2095277e-01 -3.8117311e-01 
  2086 :  4.2104669e-01  4.7972672e-01 
  2087 : -2.3953027e-01  9.2040252e-01 
  2088 :  4.2100070e-01 -5.3988185e-01 
  2089 :  4.2097104e-01  4.1989720e-01 
  2090 :  4.2088317e-01 -5.9984922e-01 
  2091 : -4.2079223e-01  6.5916577e-01 
  2092 : -3.2628951e-01  6.6440987e-01 
  2093 : -4.2028725e-01  1.1985085e-01 
  2094 : -4.2038198e-01 -2.6003832e-01 
  2095 :  4.2037985e-01  2.5945838e-01 
  2096 : -1.5934264e-01  9.2074102e-01 
  2097 :  2.7990776e-01  9.2035887e-01 
  2098 :  4.2014311e-01 -8.4006111e-01 
  2099 : -4.2015872e-01  8.4011136e-01 
  2100 :  4.2006742e-01 -9.0004988e-01 
  2101 : -4.2006931e-01  9.0004736e-01 
  2102 :  4.2005745e-01  9.0006513e-01 
  2103 : -1.1231794e-01 -1.7520930e-01 
  2104 : -3.2572472e-01 -5.3768587e-01 
  2105 :  3.2464004e-01  3.2131289e-01 
  2106 :  1.6974923e-01  8.2360755e-01 
  2107 :  3.0415765e-01 -6.8936494e-01 
  2108 :  2.5622246e-01  2.3771431e-01 
  2109 : -3.1728372e-01  3.1174780e-01 
  2110 :  1.7537568e-01 -8.0290098e-01 
  2111 :  2.5617684e-01 -2.2730597e-01 
  2112 : -3.2108151e-01 -6.8594441e-01 
  2113 :  2.9639852e-01 -2.8387093e-01 
  2114 :  9.7975741e-02 -1.7449293e-01 
  2115 :  9.5305566e-02  1.7521754e-01 
  2116 :  5.6655035e-02  1.7497710e-01 
  2117 : -2.0402739e-01  8.2540750e-01 
  2118 :  1.3504096e-01  1.7574847e-01 
  2119 :  3.2517309e-01  4.0236380e-01 
  2120 :  3.2489921e-01  3.6167719e-01 
  2121 :  2.3458333e-01  2.1056657e-01 
  2122 : -1.6919921e-01  1.8633076e-01 
  2123 :  2.8787366e-01 -7.2441682e-01 
  2124 :  1.0009186e-01  9.2104928e-01 
  2125 :  4.2101331e-01 -4.0057914e-01 
  2126 : -4.2111722e-01  4.3993955e-01 
  2127 :  3.2558677e-01 -5.9543145e-01 
  2128 :  1.3635012e-01 -1.9353602e-01 
  2129 : -4.2105122e-01 -4.6028027e-01 
  2130 :  2.8963319e-01  7.6394785e-01 
  2131 :  4.2105182e-01 -4.8011441e-01 
  2132 :  4.2103964e-01 -5.1991454e-01 
  2133 :  4.2099871e-01  4.3987307e-01 
  2134 :  4.2094258e-01 -5.7984355e-01 
  2135 :  1.0022036e-01 -9.4059169e-01 
  2136 : -2.0025117e-01 -9.2026952e-01 
  2137 :  4.2062576e-01 -3.4015616e-01 
  2138 :  4.2098287e-01  6.1994777e-01 
  2139 : -7.9956777e-02  9.2103774e-01 
  2140 : -2.5987390e-01  9.4024863e-01 
  2141 : -4.2079715e-01 -6.3996837e-01 
  2142 : -9.9792587e-02  9.2102505e-01 
  2143 : -1.1954145e-01 -9.2079056e-01 
  2144 :  2.9598642e-01  7.0566325e-01 
  2145 :  4.2041591e-01  1.7425401e-04 
  2146 : -4.4064650e-01  4.8002916e-01 
  2147 : -7.9806856e-02 -9.4059422e-01 
  2148 : -4.4059946e-01  5.9980953e-01 
  2149 : -4.2066861e-01  3.6001772e-01 
  2150 : -4.2031395e-01  3.1973406e-01 
  2151 : -4.2035204e-01 -9.9949630e-02 
  2152 :  4.4065839e-01  5.3984527e-01 
  2153 : -4.4063952e-01 -5.6024107e-01 
  2154 : -4.4064110e-01 -5.2014254e-01 
  2155 :  1.9825156e-02  9.4066197e-01 
  2156 : -2.0273876e-02  9.4063927e-01 
  2157 :  6.0113896e-02  9.4065855e-01 
  2158 :  1.8023333e-01 -9.2052740e-01 
  2159 :  4.4063568e-01  5.8002660e-01 
  2160 : -4.4018386e-01  1.3991207e-01 
  2161 :  4.4024259e-01 -7.1990272e-01 
  2162 : -4.4016779e-01  7.8004832e-01 
  2163 : -4.2032449e-01  2.9012046e-05 
  2164 : -4.2031554e-01  2.0030605e-02 
  2165 : -4.4059493e-01 -6.0028673e-01 
  2166 :  4.2036715e-01  8.0202103e-02 
  2167 : -4.2039089e-01 -6.7996121e-01 
  2168 :  1.4025138e-01 -9.4050613e-01 
  2169 :  3.1998565e-01  9.2023651e-01 
  2170 : -1.3948041e-01  9.2090245e-01 
  2171 : -4.2027528e-01 -7.2030880e-01 
  2172 : -4.2099255e-01 -4.2078787e-01 
  2173 : -4.2100292e-01  3.9996106e-01 
  2174 : -4.4021851e-01 -1.4004219e-01 
  2175 :  4.2025421e-01  7.8000474e-01 
  2176 :  3.6006811e-01 -9.2013015e-01 
  2177 :  4.0005700e-01 -9.2006296e-01 
  2178 :  3.0368714e-01  6.7033714e-01 
  2179 :  4.2014933e-01 -2.7978246e-01 
  2180 :  4.2074761e-01 -6.3982559e-01 
  2181 :  4.2091677e-01  3.7987616e-01 
  2182 : -1.9948365e-02 -9.2103017e-01 
  2183 : -4.2032308e-01 -7.8020079e-01 
  2184 :  4.2026969e-01 -1.6003374e-01 
  2185 :  4.2002897e-01  1.6013735e-01 
  2186 :  4.2004081e-01  1.8015510e-01 
  2187 :  4.2048526e-01  2.1963288e-01 
  2188 : -4.2051689e-01  6.9919596e-01 
  2189 : -4.2024346e-01  2.7980626e-01 
  2190 :  4.2041102e-01  4.0238916e-02 
  2191 :  4.4011541e-01 -8.2003288e-01 
  2192 :  5.9975055e-02 -9.4060892e-01 
  2193 :  4.2104617e-01 -4.4041964e-01 
  2194 :  4.4016004e-01 -7.7999072e-01 
  2195 : -4.2099415e-01  5.3967496e-01 
  2196 :  1.1732332e-01 -8.2577121e-01 
  2197 :  3.8004946e-01  9.2010271e-01 
  2198 : -4.4012369e-01  8.2006340e-01 
  2199 :  2.8008037e-01 -9.2024785e-01 
  2200 :  4.2042033e-01 -3.2000745e-01 
  2201 : -4.2030433e-01 -1.9986177e-01 
  2202 : -4.2027869e-01 -2.1978393e-01 
  2203 :  1.3983917e-01  9.2090297e-01 
  2204 :  4.2075170e-01  6.6004786e-01 
  2205 : -3.8009081e-01  9.2008561e-01 
  2206 : -4.2013368e-01 -8.4005945e-01 
  2207 :  4.2009321e-01 -8.8006237e-01 
  2208 : -4.2026132e-01 -8.0009313e-01 
  2209 : -2.6023055e-01 -9.1977835e-01 
  2210 : -2.4017771e-01 -9.1989341e-01 
  2211 : -4.2009716e-01  8.8006559e-01 
  2212 : -3.8005560e-01 -9.2009257e-01 
  2213 : -4.2004681e-01 -9.0004979e-01 
  2214 : -1.6006712e-01 -9.4037482e-01 
  2215 : -4.2036601e-01  2.1984471e-01 
  2216 :  3.6004277e-01  9.2013962e-01 
  2217 :  4.0069789e-01  6.9985816e-01 
  2218 : -1.9922254e-01  9.2037453e-01 
  2219 :  1.9978704e-01  9.2052878e-01 
  2220 :  4.2045387e-01 -6.9980716e-01 
  2221 :  4.2073294e-01  3.1969301e-01 
  2222 : -3.2006539e-01  9.4013239e-01 
  2223 :  4.2027761e-01  1.2011418e-01 
  2224 :  2.2020844e-01 -9.2023958e-01 
  2225 :  4.2031782e-01  7.4004456e-01 
  2226 : -3.6006851e-01  9.4007692e-01 
  2227 :  4.2022722e-01 -2.1990830e-01 
  2228 :  4.2018297e-01 -2.3982737e-01 
  2229 : -4.2034014e-01 -3.9989112e-02 
  2230 : -4.0006857e-01  9.2005752e-01 
  2231 :  4.2031030e-01 -1.0002684e-01 
  2232 : -4.2028668e-01  7.9909099e-02 
  2233 : -4.4019090e-01  1.7993775e-01 
  2234 :  4.2019037e-01  8.2005308e-01 
  2235 : -4.2030239e-01  7.3982955e-01 
  2236 : -4.0004083e-01 -9.2006129e-01 
  2237 :  4.0004512e-01  9.2007338e-01 
  2238 : -3.2019035e-01 -9.2016107e-01 
  2239 :  4.2040198e-01 -1.9890981e-02 
  2240 :  3.2006989e-01 -9.2019792e-01 
  2241 : -4.2002899e-01 -9.2003771e-01 
  2242 :  3.7665179e-02  1.9371289e-01 
  2243 : -1.1148640e-01  1.9313204e-01 
  2244 :  3.8774243e-02 -1.7494337e-01 
  2245 : -1.8613626e-02 -1.7497139e-01 
  2246 : -3.7431228e-02 -1.7495470e-01 
  2247 :  5.8314920e-02 -1.7484667e-01 
  2248 :  5.2728902e-05  1.9367648e-01 
  2249 :  1.1334664e-01  8.2541851e-01 
  2250 : -3.2570883e-01 -5.7557492e-01 
  2251 :  3.2570177e-01  5.9443408e-01 
  2252 :  3.2561936e-01 -4.0544161e-01 
  2253 :  3.7810832e-02  8.0674404e-01 
  2254 : -3.0673915e-01  4.6188858e-01 
  2255 :  3.0674577e-01 -4.8090605e-01 
  2256 :  7.7183241e-02 -8.0677715e-01 
  2257 : -1.8670316e-02  8.2574983e-01 
  2258 : -7.4913837e-02 -8.0667728e-01 
  2259 : -3.2569395e-01 -4.8121204e-01 
  2260 : -3.2559571e-01  5.5596532e-01 
  2261 :  3.8486599e-02 -8.0672234e-01 
  2262 :  1.7812061e-01  1.7887376e-01 
  2263 :  3.4828696e-04 -8.0674323e-01 
  2264 : -3.2465605e-01 -3.3501327e-01 
  2265 : -7.4380418e-02  1.9330776e-01 
  2266 : -1.3112423e-01  8.0651560e-01 
  2267 :  7.5265490e-02  8.0670208e-01 
  2268 : -3.2567325e-01  4.8047062e-01 
  2269 : -3.1526829e-01 -2.9587459e-01 
  2270 : -3.7316597e-02 -8.0674610e-01 
  2271 : -3.2041568e-01  7.0091664e-01 
  2272 :  3.0661712e-01  4.6159586e-01 
  2273 :  3.2571080e-01 -4.9965105e-01 
  2274 :  3.2571337e-01  5.1830787e-01 
  2275 : -2.5273545e-01 -2.1764315e-01 
  2276 : -2.8419863e-01  2.4575709e-01 
  2277 : -2.5478531e-01  7.8363584e-01 
  2278 : -3.2571597e-01 -5.1882248e-01 
  2279 :  2.9638018e-01  2.5598443e-01 
  2280 : -1.4870891e-01 -1.9641915e-01 
  2281 : -3.0653145e-01  6.2891783e-01 
  2282 : -3.0606010e-01 -3.7139884e-01 
  2283 : -3.0486783e-01 -6.4953793e-01 
  2284 : -3.0538157e-01  3.5004208e-01 
  2285 :  1.5090203e-01  8.2450295e-01 
  2286 : -2.3156493e-01 -1.8190395e-01 
  2287 : -1.7054691e-01 -8.1931362e-01 
  2288 : -1.6843193e-01  8.2560207e-01 
  2289 : -2.4650691e-01 -7.9473729e-01 
  2290 : -2.4104414e-01  2.0751432e-01 
  2291 : -3.0187783e-01 -2.5771088e-01 
  2292 : -2.9661768e-01  7.4610152e-01 
  2293 :  2.4491235e-01  7.7256612e-01 
  2294 : -1.8272336e-01 -1.8260216e-01 
  2295 : -1.4879098e-01 -8.0494833e-01 
  2296 :  2.5283399e-01 -7.7537308e-01 
  2297 :  1.7096483e-01 -1.9464223e-01 
  2298 : -2.3050385e-01  1.8338684e-01 
  2299 : -3.1899040e-01 -7.0141816e-01 
  2300 : -2.1799134e-01 -8.2067391e-01 
  2301 : -3.1210836e-01  3.0201601e-01 
  2302 :  4.1213807e-04 -1.5622479e-01 
  2303 :  7.8742967e-02 -1.5579598e-01 
  2304 :  1.1425004e-01  1.5655329e-01 
  2305 :  4.0062436e-01  2.7144218e-04 
  2306 : -2.2228902e-01  1.6209016e-01 
  2307 : -2.3046865e-01 -1.6257130e-01 
  2308 :  4.0048981e-01 -1.0001945e-01 
  2309 :  4.0055078e-01  8.0288878e-02 
  2310 : -4.0043412e-01  1.1979733e-01 
  2311 :  3.9952875e-01  1.6038910e-01 
  2312 :  3.2016304e-01 -9.0032663e-01 
  2313 :  3.1986340e-01  9.0042360e-01 
  2314 : -3.0922306e-01  7.6622809e-01 
  2315 : -4.0027321e-01 -8.1982303e-01 
  2316 :  2.5551706e-01  2.1262052e-01 
  2317 :  2.9186308e-01 -2.6212848e-01 
  2318 :  3.0486875e-01  7.5641219e-01 
  2319 :  3.1928360e-01 -7.1848853e-01 
  2320 : -4.0002386e-01 -2.1935603e-01 
  2321 :  3.9984743e-01 -2.7968938e-01 
  2322 :  2.1803994e-01 -8.1647075e-01 
  2323 :  4.0013430e-01 -2.3960992e-01 
  2324 :  4.0064602e-01  2.3830686e-01 
  2325 :  9.8623693e-02 -8.4481876e-01 
  2326 : -3.4469716e-01 -5.5710358e-01 
  2327 :  1.9640344e-02 -8.2568039e-01 
  2328 : -5.6307072e-02 -8.2568288e-01 
  2329 :  1.9837165e-02  9.2114964e-01 
  2330 :  4.2110716e-01  5.7974809e-01 
  2331 :  4.0044897e-01  7.5964790e-01 
  2332 :  4.0032933e-01  7.9977192e-01 
  2333 : -2.1855218e-01  9.0022732e-01 
  2334 : -3.9999426e-01  3.1965369e-01 
  2335 : -4.0088814e-01 -6.5896065e-01 
  2336 : -4.0012257e-01 -6.9973462e-01 
  2337 :  2.0040577e-01 -9.0035915e-01 
  2338 : -3.3797643e-01 -2.8135016e-01 
  2339 : -4.0059319e-01  2.3946850e-01 
  2340 :  3.1559832e-01 -2.8235113e-01 
  2341 :  3.1959605e-01  6.9280925e-01 
  2342 : -4.0025663e-01  7.1859657e-01 
  2343 : -3.0526758e-01 -2.3933441e-01 
  2344 : -2.6796577e-01 -8.0280863e-01 
  2345 :  4.0017947e-01 -8.4004395e-01 
  2346 :  3.4397126e-01  3.8115235e-01 
  2347 :  3.4367829e-01  3.4014522e-01 
  2348 : -4.0119634e-01  6.5740887e-01 
  2349 : -1.3833257e-01  9.0153006e-01 
  2350 : -3.4466606e-01 -4.9986300e-01 
  2351 :  3.4461701e-01  4.9906151e-01 
  2352 :  3.4443977e-01 -5.7678156e-01 
  2353 :  5.9939597e-02 -9.2103709e-01 
  2354 :  1.0024531e-01 -9.2106372e-01 
  2355 : -4.0178549e-01  4.4020635e-01 
  2356 : -4.2111178e-01 -5.6007034e-01 
  2357 :  4.0170999e-01 -4.8021294e-01 
  2358 :  4.0162773e-01 -5.3956333e-01 
  2359 : -4.0154495e-01 -4.0201147e-01 
  2360 :  4.0170065e-01 -4.2115942e-01 
  2361 : -5.9609435e-02  9.0174217e-01 
  2362 :  4.0162003e-01  4.5976997e-01 
  2363 : -4.0169127e-01 -4.6057095e-01 
  2364 :  9.9462714e-02  9.0167905e-01 
  2365 :  5.6966523e-02  8.2569678e-01 
  2366 : -4.0160787e-01  5.5885827e-01 
  2367 : -1.1861141e-01 -9.0117220e-01 
  2368 :  4.0163179e-01  6.1921555e-01 
  2369 : -4.0163945e-01  4.0054229e-01 
  2370 : -2.0021253e-01 -9.0009525e-01 
  2371 :  4.0092442e-01 -3.4087266e-01 
  2372 :  4.0135173e-01 -6.1931755e-01 
  2373 : -2.1966112e-01 -8.3877042e-01 
  2374 : -2.2154871e-01  8.2933346e-01 
  2375 :  3.8136870e-01  6.7883964e-01 
  2376 : -4.0053392e-01 -9.9855365e-02 
  2377 : -4.0022322e-01  8.4024116e-01 
  2378 :  4.0154919e-01  4.1996357e-01 
  2379 :  4.0145117e-01  3.7987667e-01 
  2380 : -3.3778238e-01  7.1738029e-01 
  2381 :  1.7278688e-01  8.4263619e-01 
  2382 :  1.3379664e-01  8.4404013e-01 
  2383 :  4.0120402e-01  3.1940333e-01 
  2384 : -1.7342845e-01  1.5811230e-01 
  2385 : -2.6688884e-01  1.9928715e-01 
  2386 :  1.5415870e-01  1.5685737e-01 
  2387 : -4.2100735e-01  5.9930683e-01 
  2388 :  4.2113757e-01  5.3956777e-01 
  2389 : -4.2109664e-01  4.8005734e-01 
  2390 :  1.3900880e-01  9.0145362e-01 
  2391 : -4.0048863e-01  1.1644932e-04 
  2392 : -4.2018496e-01  7.8022100e-01 
  2393 : -4.2031155e-01  1.7994867e-01 
  2394 : -4.2035718e-01 -1.1996116e-01 
  2395 :  4.2027266e-01 -7.7987793e-01 
  2396 :  3.6004829e-01  9.0020963e-01 
  2397 :  2.6010762e-01 -9.2025143e-01 
  2398 : -3.6016830e-01 -9.0019366e-01 
  2399 : -3.2008631e-01  9.2020682e-01 
  2400 : -3.6011120e-01  9.2012214e-01 
  2401 : -4.0007264e-01 -9.0008436e-01 
  2402 :  4.0007425e-01  9.0010269e-01 
  2403 :  6.4575198e-05  1.7489162e-01 
  2404 : -9.4082485e-02 -8.2546248e-01 
  2405 : -3.2571455e-01  4.4264818e-01 
  2406 :  3.2571547e-01 -4.8081429e-01 
  2407 :  2.7530246e-01  7.7373540e-01 
  2408 :  1.7678820e-01 -8.2213883e-01 
  2409 :  3.2505936e-01 -6.5391510e-01 
  2410 :  3.2367428e-01 -3.4595096e-01 
  2411 :  2.2600732e-01 -2.1989749e-01 
  2412 : -3.3099058e-01  3.0219573e-01 
  2413 :  2.6531118e-01 -2.4702477e-01 
  2414 :  3.9035223e-02 -1.5620315e-01 
  2415 :  7.5864203e-02  1.7507770e-01 
  2416 :  5.8528767e-02 -8.2567878e-01 
  2417 :  7.8109810e-02 -8.2574629e-01 
  2418 :  3.4424083e-01  4.2127829e-01 
  2419 :  3.0409644e-01 -7.3808225e-01 
  2420 :  2.2955947e-01  8.1935973e-01 
  2421 :  2.0005585e-01  1.8373638e-01 
  2422 :  6.0112249e-02  9.2112755e-01 
  2423 : -4.2102759e-01  5.7934051e-01 
  2424 :  4.0167319e-01 -4.0137015e-01 
  2425 :  8.0099356e-02  9.2111718e-01 
  2426 :  4.2108445e-01  5.9980426e-01 
  2427 :  3.9811224e-02 -9.2104833e-01 
  2428 :  1.1812335e-01 -1.7449552e-01 
  2429 :  1.5836109e-01 -1.7606387e-01 
  2430 :  4.0158050e-01 -5.5944891e-01 
  2431 : -4.2090905e-01 -3.6126305e-01 
  2432 : -4.2068571e-01 -3.2103173e-01 
  2433 :  4.2110383e-01  4.9962634e-01 
  2434 : -7.9529670e-02 -9.2100295e-01 
  2435 :  1.8895621e-01  8.2232484e-01 
  2436 : -2.5968252e-01  9.2037555e-01 
  2437 : -1.5994392e-01 -9.2032449e-01 
  2438 :  4.0152289e-01 -5.7935253e-01 
  2439 :  2.2888286e-01 -7.7759385e-01 
  2440 : -4.2114159e-01  4.6002604e-01 
  2441 :  4.2081630e-01 -3.6041831e-01 
  2442 : -1.8014647e-01 -9.2024054e-01 
  2443 : -4.2091277e-01  6.3913815e-01 
  2444 : -4.0047356e-01  2.0095893e-02 
  2445 : -9.8999086e-02  9.0170063e-01 
  2446 :  4.2040069e-01 -7.1975831e-01 
  2447 : -4.0142698e-01  3.8082003e-01 
  2448 : -4.2110517e-01 -5.2001573e-01 
  2449 : -4.2111229e-01 -5.0002641e-01 
  2450 : -4.2041710e-01  3.3990095e-01 
  2451 : -2.0274592e-02  9.2110628e-01 
  2452 : -4.0165820e-02  9.2110638e-01 
  2453 : -4.2029353e-01  1.3987092e-01 
  2454 : -4.2021296e-01  7.6010184e-01 
  2455 : -4.2046128e-01 -2.8041091e-01 
  2456 : -4.2103028e-01 -6.0011724e-01 
  2457 : -4.2095882e-01 -6.2000408e-01 
  2458 :  4.0061338e-01  4.0346995e-02 
  2459 :  4.2048794e-01  2.7957288e-01 
  2460 :  1.2027068e-01 -9.2105058e-01 
  2461 :  1.6023765e-01 -9.2075903e-01 
  2462 : -2.3989049e-01 -8.9896308e-01 
  2463 : -4.2035591e-01 -1.3997303e-01 
  2464 :  2.7958175e-01  9.0069137e-01 
  2465 : -4.0008907e-01 -7.2038093e-01 
  2466 : -1.1030939e-04 -9.2105157e-01 
  2467 :  4.0125584e-01 -6.3933382e-01 
  2468 :  4.0034242e-01 -1.9994298e-01 
  2469 :  3.4016283e-01 -9.0025914e-01 
  2470 :  1.3698991e-01 -8.2522587e-01 
  2471 :  3.2430849e-01  6.5281116e-01 
  2472 : -4.2023495e-01  2.5977425e-01 
  2473 : -4.0012692e-01 -2.6027125e-01 
  2474 :  2.4016288e-01 -9.2023427e-01 
  2475 :  4.2028283e-01 -1.4003700e-01 
  2476 : -4.0030490e-01  2.9986132e-01 
  2477 :  4.0172258e-01 -4.6054858e-01 
  2478 :  2.1979023e-01  9.2046354e-01 
  2479 :  2.5984258e-01  9.2041421e-01 
  2480 : -1.3963949e-01 -9.2051277e-01 
  2481 :  4.2032988e-01 -7.5978977e-01 
  2482 : -4.2035522e-01 -7.6032668e-01 
  2483 :  2.8005801e-01 -9.0050773e-01 
  2484 :  4.0148392e-01  6.3928088e-01 
  2485 :  4.0125496e-01  6.5943801e-01 
  2486 :  4.2038413e-01 -3.9947735e-02 
  2487 :  4.2015499e-01  8.4007374e-01 
  2488 : -4.0014258e-01  8.8011491e-01 
  2489 : -1.7773506e-01  9.0050583e-01 
  2490 : -4.2101963e-01  5.1986603e-01 
  2491 : -4.0074508e-01 -7.8008246e-01 
  2492 : -3.9748207e-02 -9.2104277e-01 
  2493 :  4.0012925e-01 -8.8010603e-01 
  2494 :  4.2030339e-01  1.9997646e-01 
  2495 : -4.2035433e-01  1.9993538e-01 
  2496 : -4.0018239e-01 -8.3996571e-01 
  2497 : -4.0159743e-01 -4.2156490e-01 
  2498 : -3.0000170e-01  9.2025940e-01 
  2499 :  4.0050833e-01  1.0022425e-01 
  2500 : -2.6022575e-01 -8.9833060e-01 
  2501 :  1.9667470e-01 -1.7358070e-01 
  2502 :  4.0045088e-01 -3.2047911e-01 
  2503 :  4.0054310e-01  7.1983769e-01 
  2504 :  4.2082486e-01  3.3974757e-01 
  2505 : -4.0050675e-01 -1.9892915e-02 
  2506 :  3.8006595e-01 -9.2009579e-01 
  2507 : -3.4013000e-01 -9.2016490e-01 
  2508 : -4.0082970e-01  6.7725719e-01 
  2509 :  4.2056043e-01 -6.7980512e-01 
  2510 : -4.0043303e-01  9.9827562e-02 
  2511 : -4.0043855e-01  5.9966180e-02 
  2512 :  1.7899928e-01  9.0100572e-01 
  2513 : -3.8013730e-01  9.0012890e-01 
  2514 :  4.0041754e-01  1.2015966e-01 
  2515 : -4.2032891e-01 -1.7993009e-01 
  2516 :  4.2008606e-01  8.8007963e-01 
  2517 : -4.2018111e-01  8.2016414e-01 
  2518 : -4.2007336e-01 -8.8006168e-01 
  2519 :  4.2033792e-01 -8.0010615e-02 
  2520 : -4.0052289e-01 -5.9910291e-02 
  2521 :  4.2017272e-01 -8.2001786e-01 
  2522 :  4.0009170e-01 -9.0008782e-01 
  2523 : -4.0010368e-01  9.0008554e-01 
  2524 :  4.2026225e-01 -1.8001252e-01 
  2525 :  4.0169507e-01 -5.1970585e-01 
  2526 : -3.0072369e-01 -8.9988823e-01 
  2527 :  1.9448508e-02 -1.7497245e-01 
  2528 : -1.8547981e-02 -1.5620301e-01 
  2529 :  3.2555325e-01 -6.1490223e-01 
  2530 : -5.6200931e-02 -1.7493305e-01 
  2531 : -2.5065287e-01 -1.9818589e-01 
  2532 :  3.7674177e-02  1.7493025e-01 
  2533 : -1.8602061e-02  1.7483945e-01 
  2534 :  2.7919757e-01 -7.7219192e-01 
  2535 : -1.1303475e-01  8.2568581e-01 
  2536 :  3.2542839e-01  4.4167390e-01 
  2537 : -3.0482791e-01 -7.5262406e-01 
  2538 : -2.5200655e-01  7.9648511e-01 
  2539 : -1.8495952e-02 -8.2572085e-01 
  2540 : -3.2566464e-01 -4.6247048e-01 
  2541 :  3.2556358e-01  6.1371704e-01 
  2542 :  3.2535935e-01 -3.8609896e-01 
  2543 : -9.3674728e-02 -1.7497795e-01 
  2544 : -3.2563893e-01  4.9943305e-01 
  2545 :  3.2573801e-01  5.3734589e-01 
  2546 :  2.8332973e-04  8.2574727e-01 
  2547 :  3.2551000e-01  4.6096912e-01 
  2548 :  3.2558700e-01  4.8015765e-01 
  2549 :  9.4559550e-02  8.2557848e-01 
  2550 : -1.3020602e-01  1.7309968e-01 
  2551 : -9.2312329e-02  1.7414213e-01 
  2552 :  3.2561150e-01 -5.5686264e-01 
  2553 : -3.2561448e-01 -5.9456451e-01 
  2554 :  3.0640668e-01  2.7178047e-01 
  2555 : -2.9842974e-01  2.4942135e-01 
  2556 : -3.2560487e-01  5.3722435e-01 
  2557 :  3.2568457e-01 -5.1862496e-01 
  2558 : -3.7635504e-02  8.2574934e-01 
  2559 :  3.2573321e-01  5.7540223e-01 
  2560 : -1.3067445e-01 -1.7600327e-01 
  2561 : -3.2508451e-01  3.6794100e-01 
  2562 : -3.2556482e-01  5.7454810e-01 
  2563 : -3.2555387e-01 -4.2534921e-01 
  2564 : -7.5435441e-02  8.2574946e-01 
  2565 : -3.2486201e-01 -6.3208298e-01 
  2566 : -5.5623624e-02  1.7457539e-01 
  2567 :  3.2568706e-01 -4.2436866e-01 
  2568 : -3.2562937e-01  4.0506484e-01 
  2569 : -3.2569971e-01  4.6153308e-01 
  2570 :  2.6057087e-01  7.8600953e-01 
  2571 : -1.8842435e-01 -8.2922705e-01 
  2572 : -3.2559100e-01  6.4685281e-01 
  2573 : -3.2547861e-01  6.1097444e-01 
  2574 : -3.2432704e-01 -3.5280183e-01 
  2575 : -3.2528313e-01 -3.8895319e-01 
  2576 :  3.2571297e-01 -4.6201324e-01 
  2577 : -3.4467772e-01 -5.1888801e-01 
  2578 :  3.8146480e-02  8.2572211e-01 
  2579 : -3.2805388e-01 -3.1782104e-01 
  2580 : -3.2947371e-01  6.8134280e-01 
  2581 : -1.5009947e-01  8.2554052e-01 
  2582 : -1.8370333e-01  1.7376222e-01 
  2583 : -1.6597017e-01 -1.7989953e-01 
  2584 :  3.0971626e-01  3.0799876e-01 
  2585 : -1.5044632e-01 -8.2309055e-01 
  2586 : -1.3185624e-01 -8.2462876e-01 
  2587 : -3.2265838e-01 -6.6869327e-01 
  2588 :  2.8914596e-01 -6.7205529e-01 
  2589 : -3.2660063e-01  3.2895876e-01 
  2590 : -3.2125936e-01 -2.6075890e-01 
  2591 : -3.1997379e-01  7.3999226e-01 
  2592 : -1.8665620e-01  8.2509040e-01 
  2593 : -2.3713275e-01 -8.1545065e-01 
  2594 : -2.4243227e-01  1.8925150e-01 
  2595 : -2.7138776e-01 -2.2882919e-01 
  2596 :  3.0530868e-01  7.3169600e-01 
  2597 : -2.8029599e-01  2.2913342e-01 
  2598 : -2.6643700e-01  7.7616679e-01 
  2599 : -2.7575245e-01 -7.7554229e-01 
  2600 :  2.6809668e-01  2.5210494e-01 
  2601 : -3.1852275e-01  2.9282478e-01 
  2602 : -1.9877872e-01 -1.6548410e-01 
  2603 :  2.3819277e-01  1.9482875e-01 
  2604 : -3.1682183e-01 -7.1203464e-01 
  2605 : -1.6023081e-01  1.9601071e-01 
  2606 : -9.3662778e-02 -1.5611197e-01 
  2607 : -3.6992049e-02  1.5593143e-01 
  2608 :  4.1635776e-04 -1.3747591e-01 
  2609 :  2.1669913e-01 -1.6629984e-01 
  2610 :  2.0597544e-01  1.6541635e-01 
  2611 :  3.8078682e-01  8.0393543e-02 
  2612 : -3.8069948e-01  2.2250082e-04 
  2613 : -3.8064380e-01  1.1974460e-01 
  2614 : -3.8079260e-01 -9.9728763e-02 
  2615 :  3.0558668e-01 -7.7009778e-01 
  2616 : -3.8016181e-01 -8.1902101e-01 
  2617 :  3.2036728e-01 -8.8054903e-01 
  2618 :  2.8143738e-01  8.0188317e-01 
  2619 : -2.7955816e-01  9.0040309e-01 
  2620 :  4.0057143e-01 -7.5929090e-01 
  2621 :  2.1289018e-01  8.4084107e-01 
  2622 :  4.0074490e-01 -6.9939786e-01 
  2623 : -3.9989550e-01  7.6031243e-01 
  2624 : -3.4273873e-01 -3.3364705e-01 
  2625 :  3.3070628e-01  2.7737401e-01 
  2626 :  3.2866114e-01 -7.3600529e-01 
  2627 :  3.4472622e-01  5.5680812e-01 
  2628 : -3.4460518e-01  4.8028296e-01 
  2629 :  1.9469686e-02  8.4472410e-01 
  2630 : -3.4443846e-01  5.9359339e-01 
  2631 : -3.4435115e-01 -6.1453455e-01 
  2632 : -2.8232184e-01 -8.7782918e-01 
  2633 : -7.8919836e-02 -9.0161823e-01 
  2634 :  3.9791755e-02 -9.0167679e-01 
  2635 :  7.3410165e-06 -9.0170467e-01 
  2636 :  1.5793171e-01 -8.4327463e-01 
  2637 : -3.2586997e-01  7.5707230e-01 
  2638 :  2.1921029e-01  9.0070413e-01 
  2639 : -3.1972212e-01 -7.4421155e-01 
  2640 :  5.6597480e-02  1.5618805e-01 
  2641 : -1.5452941e-01 -8.4469071e-01 
  2642 : -3.1692554e-01  2.5530958e-01 
  2643 : -4.0065243e-01  2.0022268e-01 
  2644 : -3.4352833e-01  6.6556261e-01 
  2645 :  4.0020557e-01 -8.1988898e-01 
  2646 : -4.0021007e-01  8.2039877e-01 
  2647 : -4.0139230e-01 -3.6265051e-01 
  2648 : -4.0078521e-01 -3.2255881e-01 
  2649 : -3.2483808e-01 -2.4431255e-01 
  2650 :  3.2331524e-01  7.4639944e-01 
  2651 : -3.4466063e-01  4.2304824e-01 
  2652 :  3.4465882e-01 -4.9971457e-01 
  2653 :  3.4373791e-01 -3.6538796e-01 
  2654 : -3.6362022e-01 -4.9980858e-01 
  2655 : -1.8901894e-02  8.4472969e-01 
  2656 : -5.7086156e-02  8.4472482e-01 
  2657 :  3.4466525e-01 -4.4281990e-01 
  2658 : -3.4453238e-01 -4.4338399e-01 
  2659 : -3.4451748e-01  5.1848122e-01 
  2660 : -3.4435353e-01 -4.0631510e-01 
  2661 : -1.1387193e-01 -8.4402383e-01 
  2662 :  3.4423239e-01  6.3462427e-01 
  2663 : -9.5073553e-02  8.4471649e-01 
  2664 :  1.0010806e-01 -9.0179242e-01 
  2665 :  4.0183011e-01  5.3911586e-01 
  2666 : -4.0174402e-01  4.8008357e-01 
  2667 : -3.4432709e-01  3.8534985e-01 
  2668 :  3.8252987e-01 -4.0248973e-01 
  2669 : -4.0161008e-01  5.9823086e-01 
  2670 : -4.0169084e-01 -5.9940290e-01 
  2671 : -1.6966164e-01  8.4469817e-01 
  2672 :  3.8129815e-01 -3.4207159e-01 
  2673 :  3.4416547e-01 -6.3569683e-01 
  2674 : -3.7585750e-01  3.1771744e-01 
  2675 : -3.7950410e-01 -6.9862853e-01 
  2676 : -2.5868481e-01 -8.2488672e-01 
  2677 :  3.2237314e-01 -6.9358720e-01 
  2678 :  3.1893227e-01 -3.0372708e-01 
  2679 :  3.4318711e-01  3.1937679e-01 
  2680 : -4.0129785e-01 -6.3900045e-01 
  2681 :  4.0131935e-01  3.3953182e-01 
  2682 :  4.0156282e-01 -3.8142492e-01 
  2683 : -4.0051428e-01 -1.3980641e-01 
  2684 : -4.0144322e-01  6.3756857e-01 
  2685 :  1.5746833e-01  8.8185993e-01 
  2686 : -4.0010289e-01  3.4035462e-01 
  2687 : -4.0025621e-01 -2.8119819e-01 
  2688 : -3.9992119e-01  2.5962097e-01 
  2689 : -4.0070712e-01 -7.6053576e-01 
  2690 :  2.5942154e-01  9.0073945e-01 
  2691 :  4.0043354e-01 -1.4009280e-01 
  2692 :  4.0038937e-01 -1.8004449e-01 
  2693 :  4.0019241e-01  8.4006074e-01 
  2694 : -3.4029742e-01 -9.0025954e-01 
  2695 : -3.8019236e-01  8.8018915e-01 
  2696 :  3.8017123e-01 -8.8016682e-01 
  2697 :  4.0010703e-01  8.8012389e-01 
  2698 : -4.0011369e-01 -8.8009842e-01 
  2699 : -3.8173635e-01  6.5440835e-01 
  2700 :  1.7987509e-01  1.5579764e-01 
  2701 :  3.4456206e-01 -4.0470995e-01 
  2702 : -4.0175373e-01 -4.8020294e-01 
  2703 : -4.0179121e-01 -5.1975932e-01 
  2704 :  3.8248897e-01 -5.3907743e-01 
  2705 :  3.4456089e-01 -5.3805886e-01 
  2706 :  3.8260184e-01 -4.8038526e-01 
  2707 : -3.8234047e-01 -4.0345663e-01 
  2708 :  3.8232219e-01 -5.7857855e-01 
  2709 :  3.8251765e-01  6.1790376e-01 
  2710 :  3.8191501e-01  6.5828809e-01 
  2711 : -3.8249571e-01  4.0163080e-01 
  2712 : -3.3435204e-01 -7.0799754e-01 
  2713 :  3.8214731e-01 -6.1837537e-01 
  2714 :  2.8469253e-01  2.4080051e-01 
  2715 : -1.8934883e-01  1.4702981e-01 
  2716 :  2.7605098e-01 -2.1867831e-01 
  2717 : -2.5408730e-01  1.8013956e-01 
  2718 : -3.4309923e-01  2.8821398e-01 
  2719 :  3.1404563e-01  7.1319287e-01 
  2720 :  1.9261933e-01  8.4172473e-01 
  2721 :  1.3384355e-01  1.5671415e-01 
  2722 :  5.8679082e-02 -1.5605265e-01 
  2723 :  3.4385621e-01  3.6071233e-01 
  2724 :  9.4892344e-02  1.5642413e-01 
  2725 :  7.8896695e-02 -8.4468930e-01 
  2726 :  3.4434024e-01  4.4092415e-01 
  2727 : -4.0180876e-01  4.6016439e-01 
  2728 : -4.0164178e-01  5.7847489e-01 
  2729 :  2.5647042e-01  8.1778625e-01 
  2730 :  4.0176134e-01  5.9909244e-01 
  2731 : -4.0151951e-01 -3.8246753e-01 
  2732 :  3.2252874e-01  6.7269897e-01 
  2733 : -2.0067131e-02  9.0180611e-01 
  2734 :  7.9653125e-02  9.0176573e-01 
  2735 :  1.8063812e-01 -1.7990447e-01 
  2736 :  4.2115300e-01  5.5961629e-01 
  2737 :  1.5321183e-01  8.4346047e-01 
  2738 :  4.0140779e-01  3.5972311e-01 
  2739 :  9.9200234e-02 -1.5552858e-01 
  2740 : -1.1861335e-01  9.0166855e-01 
  2741 : -9.8679874e-02 -9.0151474e-01 
  2742 :  3.9978625e-02  9.2116577e-01 
  2743 :  4.0169819e-01  4.7958347e-01 
  2744 :  4.0160448e-01  4.3990460e-01 
  2745 : -1.3877507e-01 -9.0028613e-01 
  2746 : -4.0053780e-01 -1.1982434e-01 
  2747 :  4.0131558e-01 -3.6129643e-01 
  2748 : -3.9830733e-02  9.0180056e-01 
  2749 :  8.0101346e-02 -9.2108148e-01 
  2750 :  3.4449543e-01 -5.5741285e-01 
  2751 : -1.8013169e-01 -8.9977887e-01 
  2752 :  1.1913479e-01  9.0161054e-01 
  2753 :  4.0061621e-01 -1.9798853e-02 
  2754 :  4.0059967e-01 -3.9859489e-02 
  2755 :  4.0053470e-01 -7.9967757e-02 
  2756 : -4.0092275e-01  3.6090710e-01 
  2757 :  4.0067669e-01 -7.1928246e-01 
  2758 : -4.2114070e-01 -5.4001210e-01 
  2759 :  1.8018963e-01 -9.0076920e-01 
  2760 : -4.0001518e-01  7.3953512e-01 
  2761 :  4.0074843e-01  2.0071580e-01 
  2762 :  4.0075248e-01  2.7927633e-01 
  2763 :  4.0107033e-01  2.9935733e-01 
  2764 :  3.9939697e-01  1.8098144e-01 
  2765 :  4.0059249e-01  6.0331856e-02 
  2766 :  2.4311467e-01 -7.9480476e-01 
  2767 :  2.3421121e-01 -8.1374748e-01 
  2768 : -3.9986606e-01  2.8009607e-01 
  2769 : -2.1992708e-01 -8.9970333e-01 
  2770 :  2.6013419e-01 -9.0059158e-01 
  2771 :  4.0039941e-01  7.7959052e-01 
  2772 :  2.9968482e-01  9.0058937e-01 
  2773 :  4.0152360e-01  3.9996578e-01 
  2774 :  4.0000885e-01 -3.0005729e-01 
  2775 :  1.9904029e-01  9.0081499e-01 
  2776 : -4.0036313e-01 -7.4072266e-01 
  2777 : -4.0175970e-01  4.2039262e-01 
  2778 :  4.0046484e-01 -1.2005736e-01 
  2779 : -4.0043806e-01  6.9764344e-01 
  2780 : -3.2052260e-01 -9.0021461e-01 
  2781 : -3.9991709e-01 -2.3962093e-01 
  2782 :  4.2021901e-01 -7.9993054e-01 
  2783 : -4.0162147e-01  5.1961041e-01 
  2784 :  4.0155530e-01  2.1931010e-01 
  2785 : -1.5784775e-01  9.0123226e-01 
  2786 :  4.0025167e-01  8.1991469e-01 
  2787 : -4.0083653e-01  2.1991173e-01 
  2788 :  4.0062947e-01  2.0326452e-02 
  2789 :  3.6014074e-01 -9.0019344e-01 
  2790 : -4.2017443e-01  8.0023207e-01 
  2791 : -2.3854269e-01 -8.7801013e-01 
  2792 :  1.4024530e-01 -9.2095969e-01 
  2793 :  3.8088306e-01  6.9919255e-01 
  2794 : -4.0015198e-01 -8.6006742e-01 
  2795 :  4.0173776e-01 -4.4089724e-01 
  2796 :  3.9992305e-01 -2.5953975e-01 
  2797 : -4.0166272e-01 -4.4108269e-01 
  2798 : -4.0163006e-01  5.3920365e-01 
  2799 : -2.9985723e-01  9.0035640e-01 
  2800 :  4.0015905e-01 -8.6009587e-01 
  2801 : -5.9106762e-02 -9.0167403e-01 
  2802 :  3.8074099e-01  1.0031987e-01 
  2803 : -3.4011097e-01  9.2016397e-01 
  2804 : -4.0018608e-01  8.6017232e-01 
  2805 : -4.0044604e-01 -6.7908890e-01 
  2806 : -2.3503625e-04  9.2116190e-01 
  2807 : -3.9367614e-02 -9.0171119e-01 
  2808 : -4.2110792e-01 -5.8004706e-01 
  2809 : -4.0039295e-01 -1.7963053e-01 
  2810 : -4.0019430e-01 -1.9941655e-01 
  2811 :  4.0147693e-01 -5.9926458e-01 
  2812 : -4.0051997e-01 -3.9905635e-02 
  2813 :  3.3995926e-01  9.0030617e-01 
  2814 : -1.9795333e-01  8.9991166e-01 
  2815 :  4.0031381e-01  2.5870934e-01 
  2816 : -4.0043566e-01  7.9890401e-02 
  2817 : -3.8011379e-01 -9.0013178e-01 
  2818 :  3.8007363e-01  9.0015007e-01 
  2819 : -3.6016123e-01  9.0018673e-01 
  2820 :  4.0111168e-01 -6.5937244e-01 
  2821 :  2.4038550e-01 -9.0049526e-01 
  2822 :  3.0011500e-01 -9.0042847e-01 
  2823 : -3.8076388e-01 -5.9820346e-02 
  2824 : -4.0053643e-01 -7.9973831e-01 
  2825 :  2.2055824e-01 -9.0032029e-01 
  2826 :  4.0014626e-01  1.4014843e-01 
  2827 :  4.0173950e-01 -4.9993760e-01 
  2828 :  4.0048871e-01  7.3971352e-01 
  2829 : -7.9246083e-02  9.0175497e-01 
  2830 :  3.8011644e-01 -9.0013569e-01 
  2831 : -4.0043795e-01  1.3984362e-01 
  2832 : -4.2030029e-01  1.5991891e-01 
  2833 :  4.0177736e-01  4.9937882e-01 
  2834 :  4.0025912e-01 -2.1976666e-01 
  2835 : -3.8067240e-01  2.0171236e-02 
  2836 : -3.8062349e-01  5.9975350e-02 
  2837 : -3.7379940e-02 -1.5617257e-01 
  2838 : -2.3883755e-01  9.0052547e-01 
  2839 : -7.3946213e-02  1.7437461e-01 
  2840 : -3.3442049e-01  6.9830315e-01 
  2841 : -1.1230406e-01 -1.5635174e-01 
  2842 :  3.1245058e-01  2.4483966e-01 
  2843 :  2.6816306e-01 -7.8900028e-01 
  2844 :  1.9607094e-02 -1.5623088e-01 
  2845 : -3.3362428e-01 -3.0030506e-01 
  2846 : -1.8501884e-02  1.5604655e-01 
  2847 :  1.8830561e-02  1.7490912e-01 
  2848 :  2.9699372e-01  7.7355486e-01 
  2849 : -3.4466987e-01 -5.7631905e-01 
  2850 : -3.4449382e-01  5.5634098e-01 
  2851 :  1.1463468e-01  8.4435608e-01 
  2852 :  3.4467939e-01  5.9537230e-01 
  2853 :  1.1828090e-01 -8.4475046e-01 
  2854 :  4.9390598e-04 -8.2570473e-01 
  2855 :  3.4468408e-01  5.1832284e-01 
  2856 : -3.4463816e-01 -4.8094853e-01 
  2857 :  3.4439796e-01 -5.9632695e-01 
  2858 : -5.6157408e-02 -1.5613341e-01 
  2859 :  7.5794796e-02  8.2565262e-01 
  2860 : -3.4468718e-01 -5.3799916e-01 
  2861 : -7.5247946e-02 -8.2560613e-01 
  2862 : -1.1084909e-01  1.7374738e-01 
  2863 : -1.3169717e-01  8.2559591e-01 
  2864 :  3.0468399e-01 -3.4658829e-01 
  2865 :  3.9013177e-02 -8.2566162e-01 
  2866 : -1.4734615e-01  1.4841256e-01 
  2867 :  3.4411702e-01  4.0136547e-01 
  2868 : -3.7421184e-02 -8.2570901e-01 
  2869 : -3.4467328e-01  4.4204857e-01 
  2870 :  3.4452115e-01  4.7978101e-01 
  2871 : -2.0328183e-01 -8.3638069e-01 
  2872 :  3.4466654e-01 -4.6174647e-01 
  2873 : -2.7061889e-01 -2.1481213e-01 
  2874 : -2.8957020e-01 -2.1623229e-01 
  2875 : -2.7383706e-01  7.9540560e-01 
  2876 : -2.9312578e-01  7.7914522e-01 
  2877 : -1.4857621e-01 -1.7760882e-01 
  2878 : -2.9006541e-01 -7.6334789e-01 
  2879 : -2.8763065e-01 -7.9235358e-01 
  2880 : -3.0349902e-01  2.3231847e-01 
  2881 : -2.8943070e-01  2.0750875e-01 
  2882 :  5.7651219e-02  8.4466066e-01 
  2883 : -2.4870727e-01 -1.7832971e-01 
  2884 : -3.2475638e-01  3.4965115e-01 
  2885 : -3.2392042e-01 -6.5058905e-01 
  2886 :  2.7176711e-01  2.2647596e-01 
  2887 :  1.9731933e-01 -8.1953166e-01 
  2888 : -1.6895220e-01 -8.3631531e-01 
  2889 :  3.2216000e-01  3.0335895e-01 
  2890 :  3.0622167e-01 -6.7165278e-01 
  2891 :  1.3835003e-01 -1.7494757e-01 
  2892 :  2.2390515e-01 -1.9133712e-01 
  2893 : -1.9921253e-01  1.6123890e-01 
  2894 : -3.3929535e-01 -2.6239615e-01 
  2895 : -3.3893434e-01  7.3729319e-01 
  2896 :  3.0265759e-01 -3.2590784e-01 
  2897 : -1.8271890e-01 -1.6353047e-01 
  2898 : -3.2546432e-01  6.2905273e-01 
  2899 : -2.0333240e-01  8.3907707e-01 
  2900 : -3.2491482e-01 -3.7082839e-01 
  2901 :  2.5098052e-01  1.9808422e-01 
  2902 : -3.2486605e-01 -7.2081782e-01 
  2903 : -2.3969089e-01  1.6351478e-01 
  2904 : -3.2694957e-01  2.7885317e-01 
  2905 : -2.1445670e-01 -1.4690176e-01 
  2906 : -3.3923447e-01 -6.9058467e-01 
  2907 : -2.3689523e-01 -8.3961852e-01 
  2908 : -3.4342469e-01  3.1459602e-01 
  2909 :  2.8515461e-01 -2.3994861e-01 
  2910 :  7.8478865e-02 -1.3652694e-01 
  2911 : -9.3640726e-02 -1.3724128e-01 
  2912 : -3.6562480e-02  1.3715105e-01 
  2913 :  1.1336096e-01  1.3772529e-01 
  2914 : -2.2971530e-01 -1.4374085e-01 
  2915 : -3.6096105e-01  3.1882828e-04 
  2916 : -2.3570134e-01  1.4150445e-01 
  2917 :  3.8089416e-01  4.2740731e-04 
  2918 :  3.8081565e-01 -7.9846398e-02 
  2919 :  3.6106044e-01  8.0486558e-02 
  2920 : -2.9269053e-01 -1.9405117e-01 
  2921 :  2.8747054e-01  2.1284953e-01 
  2922 :  2.9497765e-01 -2.0749572e-01 
  2923 :  3.8247347e-01  2.0501011e-01 
  2924 :  3.8064180e-01 -1.8010791e-01 
  2925 :  2.5793613e-01 -8.0672040e-01 
  2926 : -3.8017842e-01  8.2093642e-01 
  2927 :  3.1271088e-01 -2.6001980e-01 
  2928 : -2.7915430e-01  8.8036713e-01 
  2929 : -3.6022563e-01  8.8028799e-01 
  2930 :  3.8016435e-01  7.9891429e-01 
  2931 :  3.1937376e-01  8.8074605e-01 
  2932 : -3.0772986e-01 -7.8020800e-01 
  2933 : -3.0940877e-01  2.1383061e-01 
  2934 : -3.8232896e-01  2.2024223e-01 
  2935 : -3.8064327e-01  1.3981960e-01 
  2936 :  2.7508824e-01  8.2865777e-01 
  2937 :  2.4115499e-01 -8.8173270e-01 
  2938 :  3.3469977e-01 -2.8155631e-01 
  2939 :  2.3386634e-01 -1.7450006e-01 
  2940 :  3.8012689e-01 -2.3913162e-01 
  2941 : -2.8878648e-01  8.0493088e-01 
  2942 : -3.2112838e-01 -8.8041230e-01 
  2943 :  3.8012943e-01 -8.1962507e-01 
  2944 :  3.2635534e-01  7.6505097e-01 
  2945 : -3.7838653e-01 -2.3922669e-01 
  2946 : -3.7973482e-01 -1.9840208e-01 
  2947 : -3.6365552e-01 -5.5792275e-01 
  2948 :  1.9878926e-02 -8.4461563e-01 
  2949 : -5.6807975e-02 -8.4461618e-01 
  2950 :  3.9880085e-02  9.0185104e-01 
  2951 : -9.1217785e-02  1.5507044e-01 
  2952 : -3.8199560e-01 -6.3739434e-01 
  2953 : -1.1711157e-01  8.8257084e-01 
  2954 :  3.4373862e-01 -6.5553605e-01 
  2955 : -3.8026817e-01 -7.4188226e-01 
  2956 :  3.8121664e-01 -6.9850926e-01 
  2957 :  2.2187930e-01 -8.3559616e-01 
  2958 :  1.6341569e-01  1.3786089e-01 
  2959 : -3.3484898e-01  2.6261573e-01 
  2960 :  2.5841836e-01  8.8112902e-01 
  2961 :  3.8082806e-01  7.3900953e-01 
  2962 : -2.1803836e-01  8.8067052e-01 
  2963 :  3.8184900e-01  2.9910044e-01 
  2964 :  3.8019680e-01  2.5893148e-01 
  2965 : -3.8216991e-01  6.3511714e-01 
  2966 : -3.7907001e-01  7.3909319e-01 
  2967 :  3.7931970e-01 -3.0044204e-01 
  2968 :  2.1588474e-01  8.6100075e-01 
  2969 : -1.7056236e-01 -8.5795128e-01 
  2970 : -3.5819293e-01  7.1643938e-01 
  2971 :  5.9139987e-02 -8.4460152e-01 
  2972 :  5.9906251e-02 -9.0170791e-01 
  2973 :  3.6172325e-01  6.7728665e-01 
  2974 :  4.0184415e-01  5.5907206e-01 
  2975 : -1.2462246e-04  9.0185830e-01 
  2976 : -3.8056234e-01 -6.7738993e-01 
  2977 : -3.3877913e-01  7.5147566e-01 
  2978 : -2.5329700e-01 -8.4416733e-01 
  2979 :  3.8071447e-01 -1.2011200e-01 
  2980 : -3.4014641e-01  9.0024941e-01 
  2981 : -3.8061908e-01  7.9869376e-02 
  2982 :  3.8021078e-01 -8.6014773e-01 
  2983 :  3.6024040e-01 -8.8025687e-01 
  2984 :  3.6301586e-01  3.8043039e-01 
  2985 :  3.7946293e-01  1.6002008e-01 
  2986 :  3.8066074e-01  1.2025240e-01 
  2987 : -1.5565274e-01  8.8207094e-01 
  2988 : -3.8481283e-01  3.0005670e-01 
  2989 :  3.6322736e-01  4.2060030e-01 
  2990 :  3.6290624e-01  3.6004456e-01 
  2991 : -1.9972907e-01 -8.7980935e-01 
  2992 : -3.7557136e-01  2.8255925e-01 
  2993 : -3.6360768e-01  4.2209214e-01 
  2994 :  1.7750222e-01  8.8146278e-01 
  2995 :  9.9297604e-02 -8.6373992e-01 
  2996 :  3.6358467e-01  4.9903644e-01 
  2997 : -3.6358545e-01 -4.8064711e-01 
  2998 :  1.3575647e-01  8.6304960e-01 
  2999 : -3.8264593e-01  4.6041497e-01 
  3000 : -3.6364016e-01 -5.1912345e-01 
  3001 :  3.8264061e-01  5.9794926e-01 
  3002 : -4.0182130e-01 -5.3963295e-01 
  3003 : -7.7923650e-02 -8.8247688e-01 
  3004 : -9.4937150e-02 -8.4435094e-01 
  3005 : -4.0178356e-01 -5.7945885e-01 
  3006 : -3.9271362e-02  8.8268246e-01 
  3007 :  3.8257009e-01 -5.1942737e-01 
  3008 : -3.8244690e-01  5.7730185e-01 
  3009 :  3.8259803e-01 -4.2207192e-01 
  3010 :  3.8238508e-01  4.4005444e-01 
  3011 : -5.8762734e-02  8.8267369e-01 
  3012 :  7.8787852e-02  8.8260545e-01 
  3013 : -3.4406169e-01  6.4828494e-01 
  3014 : -3.8242366e-01 -4.2265766e-01 
  3015 :  3.8261611e-01 -4.6096564e-01 
  3016 : -5.8344380e-02 -8.8255419e-01 
  3017 : -3.8245265e-01  5.1920144e-01 
  3018 : -3.8245669e-01  5.3857897e-01 
  3019 : -3.8249807e-01 -4.4184466e-01 
  3020 : -9.7451792e-02 -8.8231421e-01 
  3021 :  3.8253221e-01  4.7951202e-01 
  3022 :  3.4260504e-01 -3.4478952e-01 
  3023 : -9.7665244e-02  8.8263460e-01 
  3024 :  3.8235913e-01 -3.8270079e-01 
  3025 : -3.4298735e-01 -6.5246397e-01 
  3026 : -1.1403032e-01  8.4466835e-01 
  3027 :  9.5607628e-02  8.4451878e-01 
  3028 :  1.7999158e-01 -8.8097880e-01 
  3029 :  1.9966312e-01 -8.3915060e-01 
  3030 :  3.8197928e-01  3.3939126e-01 
  3031 :  3.8201896e-01 -6.3839095e-01 
  3032 : -3.3494184e-01 -7.3523193e-01 
  3033 : -2.0059682e-01  1.3866129e-01 
  3034 : -3.8066657e-01  6.7416201e-01 
  3035 :  3.4339184e-01  6.5477139e-01 
  3036 : -3.7937137e-01 -2.8245257e-01 
  3037 : -2.1881444e-01 -8.5851020e-01 
  3038 :  2.4421039e-01  1.7986507e-01 
  3039 : -2.1490400e-01  8.4567619e-01 
  3040 :  3.8762240e-02 -1.3749690e-01 
  3041 :  3.2208115e-01 -7.5383918e-01 
  3042 :  1.9763916e-01  8.8111809e-01 
  3043 :  1.9489944e-02 -1.3751144e-01 
  3044 : -3.7952945e-01  6.9517236e-01 
  3045 :  3.2416057e-01 -6.7350420e-01 
  3046 :  3.8196012e-01 -3.6257153e-01 
  3047 :  3.2159012e-01 -3.2487232e-01 
  3048 :  8.0016474e-02 -9.0177016e-01 
  3049 :  3.0099155e-01  2.2840349e-01 
  3050 :  5.9774809e-02  9.0183769e-01 
  3051 :  1.6162474e-01 -1.5750723e-01 
  3052 :  2.9073370e-01  7.8269152e-01 
  3053 :  3.4205663e-01  2.9544244e-01 
  3054 :  3.4443129e-01  4.6041606e-01 
  3055 : -3.8206077e-01 -3.6482918e-01 
  3056 : -3.4341098e-01 -3.5115277e-01 
  3057 :  3.8261715e-01 -4.9987226e-01 
  3058 :  3.8227281e-01 -5.9839705e-01 
  3059 :  4.0183446e-01  5.7903653e-01 
  3060 :  1.7836369e-01 -8.4151292e-01 
  3061 : -4.0156656e-01 -6.1912745e-01 
  3062 :  2.3384903e-01  8.4051070e-01 
  3063 : -4.0179935e-01 -4.9993493e-01 
  3064 :  3.8242853e-01 -5.5878972e-01 
  3065 :  1.7536454e-01  8.6200547e-01 
  3066 : -4.0115302e-01 -3.4283096e-01 
  3067 : -1.1698443e-01 -8.8180100e-01 
  3068 : -3.8077781e-01 -1.1962400e-01 
  3069 : -3.5842462e-01  3.0071460e-01 
  3070 : -3.7957684e-01  3.4229040e-01 
  3071 :  3.8089964e-01 -1.9610349e-02 
  3072 : -2.5910754e-01  9.0045181e-01 
  3073 : -4.0157669e-01  6.1782091e-01 
  3074 : -1.5946220e-01 -8.9952286e-01 
  3075 :  3.8230265e-01  6.3794902e-01 
  3076 :  3.3986780e-01  6.9664234e-01 
  3077 : -3.5804898e-01 -2.8290649e-01 
  3078 :  3.8083768e-01  6.0449663e-02 
  3079 :  1.4005680e-01 -9.0162140e-01 
  3080 :  1.6005219e-01 -9.0126233e-01 
  3081 : -2.1909081e-01 -8.7899680e-01 
  3082 : -4.0037369e-01 -3.0210480e-01 
  3083 :  1.9839920e-02 -9.0171277e-01 
  3084 : -3.5874579e-01 -6.9563505e-01 
  3085 :  3.8036921e-01 -3.2136691e-01 
  3086 :  4.0057895e-01 -5.9905002e-02 
  3087 :  3.8081561e-01  7.5850223e-01 
  3088 : -3.7907995e-01 -7.2054719e-01 
  3089 :  4.0042433e-01 -1.6009220e-01 
  3090 :  2.7975376e-01 -8.8123777e-01 
  3091 :  3.0014519e-01 -8.8082554e-01 
  3092 : -4.0170301e-01  4.9988388e-01 
  3093 :  1.2006506e-01 -9.0179749e-01 
  3094 :  2.3923948e-01  9.0071203e-01 
  3095 : -3.0188186e-01 -8.7977362e-01 
  3096 : -3.8023323e-01 -8.6009578e-01 
  3097 :  4.0094653e-01 -6.7935241e-01 
  3098 : -3.2004665e-01  9.0030709e-01 
  3099 :  4.0065668e-01 -7.3919855e-01 
  3100 :  3.4033911e-01 -8.8039607e-01 
  3101 :  3.8089127e-01  2.0467585e-02 
  3102 :  3.7998264e-01  8.1949958e-01 
  3103 : -3.8222750e-01 -7.7952064e-01 
  3104 : -3.8063146e-01  9.9788550e-02 
  3105 :  1.3802405e-01 -8.4424251e-01 
  3106 : -3.8020410e-01 -8.3978148e-01 
  3107 : -3.8075154e-01 -3.9802597e-02 
  3108 : -3.8073351e-01 -1.9781687e-02 
  3109 :  3.7890622e-01 -2.7951195e-01 
  3110 :  3.8225955e-01  4.0018796e-01 
  3111 : -3.8103407e-01 -7.9841624e-01 
  3112 : -1.7467229e-01  8.8094488e-01 
  3113 :  4.0013930e-01  8.6011203e-01 
  3114 :  3.5997131e-01  8.8028568e-01 
  3115 :  3.8007466e-01  8.8018408e-01 
  3116 :  4.0183756e-01  5.1920871e-01 
  3117 : -1.9671242e-02 -9.0173871e-01 
  3118 :  3.8074003e-01  7.1927332e-01 
  3119 : -3.6032805e-01 -8.8025295e-01 
  3120 : -3.8019229e-01 -8.8014839e-01 
  3121 :  2.0101660e-01 -8.8010613e-01 
  3122 : -3.8025111e-01  8.6030732e-01 
  3123 : -2.5977723e-01 -8.7265108e-01 
  3124 : -3.8136216e-01  3.6259888e-01 
  3125 : -3.4276010e-01  3.4902079e-01 
  3126 : -3.8216121e-01  3.8222180e-01 
  3127 : -4.0007784e-01  8.0062094e-01 
  3128 : -3.9987658e-01  7.8064580e-01 
  3129 : -4.0046287e-01 -1.5972040e-01 
  3130 : -3.8079106e-01 -7.9791418e-02 
  3131 : -3.8064788e-01  4.0082030e-02 
  3132 : -4.0042374e-01  1.5999320e-01 
  3133 :  3.7800555e-01  2.3416338e-01 
  3134 : -4.0047590e-01  1.8021457e-01 
  3135 :  4.0028616e-01 -7.9963840e-01 
  3136 :  4.0043580e-01 -7.7939032e-01 
  3137 : -3.7941855e-01  2.5774773e-01 
  3138 :  2.9898290e-01  8.8105582e-01 
  3139 :  3.8033362e-01 -2.1951369e-01 
  3140 : -3.8226301e-01 -3.8425021e-01 
  3141 :  1.3006400e-04  1.5609814e-01 
  3142 :  3.7671757e-02  1.5613873e-01 
  3143 : -1.8507154e-02 -1.3743129e-01 
  3144 : -1.6548355e-01  1.4049601e-01 
  3145 :  3.2197509e-01  2.6122378e-01 
  3146 : -3.7326831e-02 -1.3738089e-01 
  3147 :  3.4432568e-01 -6.1598959e-01 
  3148 : -3.4459176e-01 -4.6210593e-01 
  3149 : -3.4450375e-01  5.3748243e-01 
  3150 :  3.4452978e-01  6.1492963e-01 
  3151 :  3.4427882e-01 -3.8518826e-01 
  3152 :  7.5683687e-02  1.5629228e-01 
  3153 : -3.4456429e-01 -5.9551122e-01 
  3154 : -7.4915127e-02 -1.5610597e-01 
  3155 :  3.4466537e-01 -4.8070586e-01 
  3156 :  3.4471436e-01  5.3758951e-01 
  3157 : -1.8631942e-02 -8.4467039e-01 
  3158 :  2.6908859e-04  8.4472853e-01 
  3159 : -3.4464980e-01  4.6114840e-01 
  3160 :  3.8610450e-02  8.4469727e-01 
  3161 : -1.3068031e-01 -1.5712023e-01 
  3162 : -3.4455409e-01  4.9942296e-01 
  3163 :  3.8218819e-01  3.8004990e-01 
  3164 :  3.4461747e-01 -5.1885147e-01 
  3165 : -3.4368709e-01  3.6674559e-01 
  3166 : -3.8043770e-02  8.4472233e-01 
  3167 : -3.4381249e-01 -6.3357184e-01 
  3168 : -7.6138273e-02  8.4471916e-01 
  3169 : -5.5178606e-02  1.5573102e-01 
  3170 :  3.4471036e-01  5.7610523e-01 
  3171 : -3.4447396e-01  5.7510619e-01 
  3172 : -3.4445221e-01 -4.2474525e-01 
  3173 :  2.9304676e-01 -7.8577969e-01 
  3174 :  3.4463627e-01 -4.2378561e-01 
  3175 : -3.3845260e-01 -2.4889219e-01 
  3176 : -3.8266466e-01  4.4074857e-01 
  3177 : -1.3290406e-01 -8.4359088e-01 
  3178 : -3.4455200e-01  4.0411687e-01 
  3179 :  3.6334134e-01 -5.7768062e-01 
  3180 :  1.9984707e-01 -1.6120445e-01 
  3181 : -3.8262632e-01  4.2118333e-01 
  3182 : -2.8137602e-01  1.8053148e-01 
  3183 :  2.4502444e-01 -2.0443982e-01 
  3184 : -2.8360803e-01 -8.1980461e-01 
  3185 :  3.6349795e-01 -5.3856929e-01 
  3186 : -3.0986303e-01 -2.2148676e-01 
  3187 : -3.8261202e-01 -4.8039931e-01 
  3188 : -3.1774347e-01  7.7748204e-01 
  3189 :  1.1782896e-01  8.8240493e-01 
  3190 :  3.6361806e-01 -4.6138480e-01 
  3191 :  3.6275260e-01  3.3955677e-01 
  3192 :  1.3752891e-01  8.8219125e-01 
  3193 : -3.1326397e-01 -7.6380596e-01 
  3194 : -3.2295944e-01  2.3810832e-01 
  3195 : -1.2821584e-01  1.5262227e-01 
  3196 : -2.5863783e-01  1.5233853e-01 
  3197 : -1.5138893e-01  8.4452036e-01 
  3198 :  7.6654638e-02  8.4460323e-01 
  3199 : -2.4701277e-01 -1.5851442e-01 
  3200 : -1.6601553e-01 -1.6090402e-01 
  3201 :  1.2004144e-01 -1.5561046e-01 
  3202 : -1.8004862e-01 -8.4398982e-01 
  3203 : -2.6950175e-01 -1.9551713e-01 
  3204 :  2.7279459e-01  1.9928218e-01 
  3205 : -1.9029900e-01  8.4657919e-01 
  3206 : -3.4195534e-01  3.3602374e-01 
  3207 : -3.4153847e-01 -6.7155762e-01 
  3208 : -3.4438480e-01  6.1199686e-01 
  3209 : -3.4418578e-01 -3.8785048e-01 
  3210 : -3.4219474e-01  6.7850245e-01 
  3211 : -3.4134285e-01 -3.2060781e-01 
  3212 : -1.9926578e-01 -1.4681451e-01 
  3213 : -2.6584677e-01  8.1812249e-01 
  3214 :  3.4222788e-01 -7.1648692e-01 
  3215 : -2.1515594e-01  1.4580889e-01 
  3216 : -2.3677399e-01 -8.5862073e-01 
  3217 :  1.9155022e-02 -1.1883622e-01 
  3218 :  2.2405665e-01 -1.4982565e-01 
  3219 : -2.1928626e-01  1.2018912e-01 
  3220 : -2.4557118e-01 -1.3901330e-01 
  3221 : -3.6083303e-01  7.9777007e-02 
  3222 :  3.6124614e-01 -1.9345552e-02 
  3223 :  2.1378807e-01  1.4800202e-01 
  3224 : -3.6126959e-01 -1.1930593e-01 
  3225 : -3.6096894e-01  1.3964413e-01 
  3226 :  2.8412338e-01  1.8397510e-01 
  3227 :  3.0029041e-01 -8.6115464e-01 
  3228 :  3.2767009e-01 -7.7168129e-01 
  3229 :  5.6526792e-02  1.3738908e-01 
  3230 :  3.8095522e-01 -7.5825449e-01 
  3231 :  3.2918077e-01  2.3418526e-01 
  3232 : -3.5896215e-01 -7.9300046e-01 
  3233 : -2.8526112e-01 -1.7147047e-01 
  3234 :  3.6055525e-01 -2.3872566e-01 
  3235 :  2.5117977e-01 -1.8229056e-01 
  3236 : -2.8570563e-01 -8.5784363e-01 
  3237 : -3.2937681e-01  2.1979270e-01 
  3238 : -2.8522849e-01  8.2011529e-01 
  3239 : -3.2595929e-01 -7.6008573e-01 
  3240 :  3.4302832e-01 -7.3617998e-01 
  3241 :  1.8176662e-01  1.3268355e-01 
  3242 : -2.3751253e-01  8.8058565e-01 
  3243 : -3.6106971e-01 -3.9722986e-02 
  3244 :  3.6112680e-01  6.0572090e-02 
  3245 :  3.6041820e-01 -3.2250518e-01 
  3246 :  3.8087047e-01 -5.9723412e-02 
  3247 :  3.8067456e-01 -1.6022961e-01 
  3248 :  3.8022206e-01 -7.9901966e-01 
  3249 : -3.6032195e-01  8.6049981e-01 
  3250 :  3.5973276e-01  8.6027878e-01 
  3251 : -1.8500231e-02 -1.1865813e-01 
  3252 : -5.6106099e-02 -1.3732065e-01 
  3253 :  3.4300138e-01 -6.7552090e-01 
  3254 : -3.8243510e-01  5.9660291e-01 
  3255 :  5.9558255e-02 -8.6353413e-01 
  3256 :  5.9202462e-02  8.8268361e-01 
  3257 :  3.6369584e-01  5.5752465e-01 
  3258 :  1.9677758e-02  8.6370451e-01 
  3259 : -1.9266078e-02  8.6369742e-01 
  3260 :  3.6365984e-01  5.1851844e-01 
  3261 : -3.6329776e-01 -6.1614535e-01 
  3262 : -3.6362471e-01 -5.7739174e-01 
  3263 : -5.4446176e-02  1.3693658e-01 
  3264 :  1.9919732e-02 -8.8256345e-01 
  3265 : -3.8808032e-02 -8.8260211e-01 
  3266 :  2.4829428e-04 -8.8260454e-01 
  3267 : -3.8252792e-01  4.9969723e-01 
  3268 : -3.8159362e-01 -3.4535483e-01 
  3269 :  1.3958917e-01 -8.8245126e-01 
  3270 :  3.8178849e-01 -6.5844632e-01 
  3271 :  2.5528869e-01  8.4143401e-01 
  3272 :  3.6077736e-01  7.1916583e-01 
  3273 :  3.4418812e-01  7.5202831e-01 
  3274 :  3.8115896e-01 -7.1833822e-01 
  3275 :  3.5869274e-01  7.9699686e-01 
  3276 :  1.3231042e-01  1.3775146e-01 
  3277 : -2.4061020e-01  8.3485241e-01 
  3278 :  3.5077264e-01  2.8038579e-01 
  3279 :  2.9761462e-01  8.6173582e-01 
  3280 : -2.5195118e-01  1.3576276e-01 
  3281 :  3.6150719e-01  2.6194526e-01 
  3282 :  2.6801309e-01 -1.9949408e-01 
  3283 : -1.3661092e-01 -8.8039154e-01 
  3284 :  2.4567534e-01 -8.3042863e-01 
  3285 : -1.5878058e-01 -8.7540399e-01 
  3286 :  3.0505063e-01  1.9375222e-01 
  3287 :  3.8270697e-01  5.7808846e-01 
  3288 :  3.3746321e-01  7.2265182e-01 
  3289 :  3.3825590e-01 -3.0246446e-01 
  3290 :  3.5844617e-01 -3.0125888e-01 
  3291 :  1.4093646e-01 -1.5627063e-01 
  3292 :  2.1783282e-01  8.8094840e-01 
  3293 : -3.8047862e-01 -3.2536117e-01 
  3294 : -3.5453899e-01 -3.0780705e-01 
  3295 : -3.5496833e-01  6.9134081e-01 
  3296 : -3.8236820e-01  6.1582657e-01 
  3297 :  3.9427832e-02 -8.4459153e-01 
  3298 :  3.1245646e-01  7.7399048e-01 
  3299 :  3.1053896e-01 -2.3139008e-01 
  3300 :  3.6361349e-01 -4.4220074e-01 
  3301 :  1.1906569e-01 -8.6368030e-01 
  3302 :  3.0793050e-01  8.0009799e-01 
  3303 : -3.5366745e-01 -7.2106329e-01 
  3304 : -4.0183086e-01 -5.5951724e-01 
  3305 : -3.5297354e-01  2.7124234e-01 
  3306 : -1.4831432e-01 -8.6072755e-01 
  3307 :  5.8235096e-02 -1.3723718e-01 
  3308 : -3.8070171e-01 -1.3944411e-01 
  3309 : -3.8022607e-01 -1.7881071e-01 
  3310 : -2.5814716e-01  8.8015526e-01 
  3311 : -3.6102217e-01 -1.9683092e-02 
  3312 :  3.8150417e-01 -6.7845419e-01 
  3313 : -3.6228874e-01 -3.4841792e-01 
  3314 :  1.9860777e-02  9.0188249e-01 
  3315 : -3.8040173e-01  1.8096441e-01 
  3316 : -3.8053662e-01  1.6017127e-01 
  3317 :  3.6257476e-01  3.1886005e-01 
  3318 :  3.8773895e-01  2.1877749e-01 
  3319 : -1.7149825e-01  8.6271694e-01 
  3320 :  1.7949718e-01 -8.6117049e-01 
  3321 : -3.7918169e-01  7.1714075e-01 
  3322 : -3.5433358e-01  3.2913277e-01 
  3323 : -3.8140209e-01 -6.5711551e-01 
  3324 : -3.6353886e-01 -4.6161134e-01 
  3325 : -3.7924850e-01 -3.0427872e-01 
  3326 :  2.2191088e-01 -8.8049678e-01 
  3327 :  2.2798492e-01 -8.5826948e-01 
  3328 : -3.6081039e-01 -6.7475747e-01 
  3329 :  3.8090187e-01 -3.9641711e-02 
  3330 : -3.5802305e-01  7.3800507e-01 
  3331 :  3.8069378e-01 -1.4021666e-01 
  3332 : -3.2006773e-01  8.8044896e-01 
  3333 :  2.3804619e-01  8.8097537e-01 
  3334 :  3.8077580e-01 -9.9984651e-02 
  3335 : -1.3641218e-01  8.8243210e-01 
  3336 : -3.7884868e-01 -2.6072918e-01 
  3337 : -3.5790802e-01 -2.6172881e-01 
  3338 : -3.6101647e-01  6.6990493e-01 
  3339 : -3.0351609e-01 -8.6037801e-01 
  3340 :  3.7997704e-01  8.3994443e-01 
  3341 : -3.6042860e-01 -8.6022981e-01 
  3342 : -3.7884863e-01  7.8157747e-01 
  3343 : -3.7828001e-01  7.6065330e-01 
  3344 :  3.6033550e-01 -8.6028095e-01 
  3345 : -3.6356212e-01  4.8016842e-01 
  3346 : -2.9974585e-01  8.8044266e-01 
  3347 : -3.8186533e-01  2.3820935e-01 
  3348 : -3.8026966e-01  8.4057180e-01 
  3349 : -3.7871334e-01 -2.1833788e-01 
  3350 :  3.8018314e-01 -8.3998654e-01 
  3351 :  1.8168116e-01 -1.5907840e-01 
  3352 : -3.6332293e-01  6.1373547e-01 
  3353 :  3.8040711e-01  1.4015045e-01 
  3354 :  3.8150566e-01  2.7937922e-01 
  3355 :  3.6122946e-01  6.5410569e-04 
  3356 :  3.3966130e-01  8.8047666e-01 
  3357 :  9.8234973e-02  8.8254190e-01 
  3358 : -3.8246884e-01  5.5793373e-01 
  3359 : -7.8208855e-02  8.8266912e-01 
  3360 : -3.4019925e-01  8.8039759e-01 
  3361 :  2.5996093e-01 -8.8206409e-01 
  3362 : -3.8116676e-01  2.0149112e-01 
  3363 :  3.7954689e-01 -2.5898499e-01 
  3364 : -3.8199934e-01 -7.6135757e-01 
  3365 : -3.6123009e-01 -7.9740227e-02 
  3366 : -3.6087459e-01  4.0101857e-02 
  3367 : -3.6092155e-01  2.0230008e-02 
  3368 : -1.9596186e-01  8.7631680e-01 
  3369 :  3.8001263e-01  8.6014214e-01 
  3370 :  3.7522176e-01  1.8291193e-01 
  3371 :  1.5964265e-01 -8.8183725e-01 
  3372 :  3.6101000e-01  1.0041655e-01 
  3373 :  3.8042861e-01  7.7833965e-01 
  3374 :  3.8087530e-01  4.0473503e-02 
  3375 : -1.8074303e-01 -8.7975416e-01 
  3376 : -3.7966831e-01  8.0150805e-01 
  3377 :  3.8053922e-01 -1.9983582e-01 
  3378 : -3.4065189e-01 -8.8038315e-01 
  3379 : -3.6094386e-01  1.1958773e-01 
  3380 :  2.7859898e-01  8.8119533e-01 
  3381 : -3.5962851e-01 -8.1854499e-01 
  3382 :  3.2076188e-01 -8.6089114e-01 
  3383 :  3.8246469e-01  4.5982915e-01 
  3384 : -1.8224833e-02  1.3726514e-01 
  3385 : -1.1230945e-01 -1.3744900e-01 
  3386 :  2.8199168e-01 -8.0040219e-01 
  3387 :  3.3243047e-01 -2.6168610e-01 
  3388 :  3.6199985e-01  7.3819516e-01 
  3389 : -3.6362124e-01  4.6077384e-01 
  3390 :  1.8864968e-02  1.5611828e-01 
  3391 :  7.9432530e-02 -8.6363172e-01 
  3392 : -7.5927963e-02 -8.4452139e-01 
  3393 :  9.4421672e-02  1.3762427e-01 
  3394 :  3.4213567e-01 -6.9599136e-01 
  3395 :  5.3515161e-04 -8.4464914e-01 
  3396 : -7.4877525e-02 -1.3726326e-01 
  3397 : -3.6316729e-01 -3.8616486e-01 
  3398 :  3.8210651e-01  3.5979151e-01 
  3399 : -3.3067073e-01 -7.7810090e-01 
  3400 : -3.6365459e-01 -5.3851248e-01 
  3401 : -7.3168513e-02  1.5545743e-01 
  3402 :  3.6341170e-01  4.6003486e-01 
  3403 :  3.8234587e-01  4.2019450e-01 
  3404 : -1.3286132e-01  8.4457987e-01 
  3405 :  1.9542188e-01  8.6143054e-01 
  3406 :  3.6363691e-01  5.9664816e-01 
  3407 :  5.8444228e-02  8.6364299e-01 
  3408 : -1.9649998e-01 -8.5695788e-01 
  3409 :  5.9776121e-02 -8.8256889e-01 
  3410 :  3.4077308e-01 -3.2370779e-01 
  3411 :  3.6350505e-01 -4.0362038e-01 
  3412 : -1.4253245e-01  1.2882061e-01 
  3413 :  7.9786907e-02 -8.8265628e-01 
  3414 :  3.6068002e-01  6.9840252e-01 
  3415 : -3.8265866e-01 -4.9987860e-01 
  3416 :  3.6360931e-01 -4.9980667e-01 
  3417 :  3.6273403e-01 -3.6394249e-01 
  3418 :  3.6260377e-01  6.5665147e-01 
  3419 :  3.8272975e-01  5.5829938e-01 
  3420 : -5.7884781e-02  8.6368680e-01 
  3421 : -3.8261062e-01  4.8009881e-01 
  3422 :  1.5544237e-01  8.6259501e-01 
  3423 : -3.6346081e-01  5.1878587e-01 
  3424 : -1.9656109e-02  8.8271872e-01 
  3425 :  3.8263658e-01  4.9917486e-01 
  3426 : -3.6339734e-01  5.9498665e-01 
  3427 :  3.8273032e-01  5.3854743e-01 
  3428 :  3.6333757e-01  4.4040004e-01 
  3429 : -3.8235691e-01 -6.1775266e-01 
  3430 : -3.6344010e-01  5.5706028e-01 
  3431 :  9.6912620e-02  8.6349603e-01 
  3432 : -3.6347726e-01 -4.4266092e-01 
  3433 :  3.6342968e-01 -5.5810062e-01 
  3434 :  3.8262818e-01 -4.4153188e-01 
  3435 :  3.6351012e-01  4.7958635e-01 
  3436 : -3.6330634e-01 -4.0495600e-01 
  3437 : -1.1530037e-01 -8.6278201e-01 
  3438 : -3.8268829e-01 -5.3908745e-01 
  3439 : -7.6853454e-02 -8.6346630e-01 
  3440 : -3.8265142e-01 -5.7849017e-01 
  3441 : -9.6304262e-02  8.6366156e-01 
  3442 :  3.6318114e-01  6.3637263e-01 
  3443 :  2.9049495e-01  8.2437863e-01 
  3444 : -3.6313015e-01  3.8382799e-01 
  3445 : -3.6346378e-01  4.0292609e-01 
  3446 :  3.6315298e-01  4.0064799e-01 
  3447 :  3.6357106e-01 -5.1915109e-01 
  3448 : -3.8257614e-01 -4.6109120e-01 
  3449 : -3.7743273e-02 -8.4465207e-01 
  3450 : -3.4427836e-01  6.3034033e-01 
  3451 : -3.4385704e-01 -3.6934219e-01 
  3452 : -3.1470022e-01 -2.0424014e-01 
  3453 : -3.6204966e-01 -6.5489846e-01 
  3454 :  3.6327845e-01 -5.9738567e-01 
  3455 : -3.6019409e-01  3.4613797e-01 
  3456 : -1.0938000e-01  1.5426796e-01 
  3457 :  2.5891130e-01  1.8827449e-01 
  3458 : -1.4860468e-01 -1.5868331e-01 
  3459 : -1.8202704e-01  1.3162096e-01 
  3460 :  3.8192076e-01  3.1916636e-01 
  3461 : -2.9712318e-01  1.8931486e-01 
  3462 :  3.4191324e-01  6.7526157e-01 
  3463 : -3.1069787e-01  7.9691717e-01 
  3464 : -3.4140779e-01  2.4518748e-01 
  3465 :  1.1625436e-01  8.6333380e-01 
  3466 : -2.9734538e-01 -8.0995570e-01 
  3467 :  3.6362416e-01 -4.8056822e-01 
  3468 :  3.6299552e-01 -6.3711590e-01 
  3469 :  1.5896956e-01 -8.6245114e-01 
  3470 :  9.9740726e-02 -8.8272458e-01 
  3471 :  9.9825880e-02 -1.3577782e-01 
  3472 : -3.3024204e-01 -2.2814700e-01 
  3473 : -3.3200983e-01  7.7246144e-01 
  3474 : -2.6855698e-01  1.6757178e-01 
  3475 : -3.6364245e-01  4.4141218e-01 
  3476 : -2.7500634e-01 -8.3417145e-01 
  3477 : -2.6695459e-01 -1.7496463e-01 
  3478 : -2.4669512e-01  8.1483165e-01 
  3479 : -1.8165030e-01 -8.6546542e-01 
  3480 : -1.8335850e-01 -1.4455680e-01 
  3481 :  1.5075837e-01  1.3770546e-01 
  3482 : -2.4945176e-01 -8.5788538e-01 
  3483 : -2.0639571e-01  8.5933309e-01 
  3484 : -2.1477390e-01 -1.3006681e-01 
  3485 : -2.3376207e-01  1.2776687e-01 
  3486 :  1.1284805e-01  1.1892145e-01 
  3487 : -9.3624365e-02 -1.1835590e-01 
  3488 :  7.6437120e-02 -1.1753839e-01 
  3489 : -3.5801259e-02  1.1840732e-01 
  3490 : -2.3593407e-01  1.0629212e-01 
  3491 :  3.6113370e-01 -7.9813219e-02 
  3492 :  3.4165228e-01 -1.9084985e-02 
  3493 :  3.4144411e-01  6.0641947e-02 
  3494 : -3.4140297e-01 -1.9610754e-02 
  3495 :  2.8419859e-01 -1.8894942e-01 
  3496 :  3.6113689e-01  1.4034995e-01 
  3497 :  3.6114892e-01 -1.2038028e-01 
  3498 :  3.6121608e-01 -1.6065331e-01 
  3499 :  3.2386497e-01 -2.0961689e-01 
  3500 : -3.4146914e-01  1.3893483e-01 
  3501 :  3.5577782e-01  1.9594713e-01 
  3502 :  1.6645804e-01  1.1891097e-01 
  3503 :  3.0148910e-01 -8.4152372e-01 
  3504 :  3.8021447e-02 -1.1887421e-01 
  3505 :  3.1907141e-01 -7.8368837e-01 
  3506 :  3.5965653e-01 -7.9822066e-01 
  3507 : -3.6106684e-01 -1.3880415e-01 
  3508 :  3.6027120e-01 -8.4013860e-01 
  3509 :  3.5922469e-01  8.3993609e-01 
  3510 :  3.3897667e-01  8.6058370e-01 
  3511 : -3.4090679e-01 -8.6056812e-01 
  3512 : -3.4123449e-01  2.0237031e-02 
  3513 : -3.6906734e-01  2.2110689e-01 
  3514 : -8.9577204e-02  1.3610434e-01 
  3515 : -2.5822144e-01  8.5926205e-01 
  3516 :  2.4299344e-01 -8.6858857e-01 
  3517 : -2.7953962e-01  8.6011873e-01 
  3518 :  3.4141630e-01 -7.7448816e-01 
  3519 : -2.8194281e-01 -1.5060680e-01 
  3520 :  3.6068474e-01 -2.5732363e-01 
  3521 :  3.4038153e-01  7.7059914e-01 
  3522 :  3.6516267e-01  2.1396714e-01 
  3523 :  2.7262540e-01 -8.1536606e-01 
  3524 :  2.5782387e-01 -8.6503330e-01 
  3525 :  2.7716242e-01  8.6184014e-01 
  3526 : -3.6000410e-01 -1.7721418e-01 
  3527 : -3.5929039e-01  8.0328653e-01 
  3528 : -3.6040979e-01  8.4100950e-01 
  3529 : -3.6517369e-01 -7.6499053e-01 
  3530 :  1.2203618e-01 -1.3614558e-01 
  3531 : -3.5672597e-01 -2.1566275e-01 
  3532 : -3.3549417e-01 -7.9866269e-01 
  3533 :  3.6182251e-01 -6.9725460e-01 
  3534 :  3.9675235e-02 -8.6353938e-01 
  3535 :  3.1260885e-01  8.2080457e-01 
  3536 :  3.3897989e-01 -2.4125335e-01 
  3537 :  3.6058976e-01 -2.1914649e-01 
  3538 :  1.9446142e-01  1.3980921e-01 
  3539 :  2.4208189e-01 -1.5727809e-01 
  3540 : -2.8156284e-01  8.3994962e-01 
  3541 : -2.3346414e-01  8.5762140e-01 
  3542 : -3.8255969e-01 -5.9812214e-01 
  3543 :  5.2085429e-05  8.8274326e-01 
  3544 :  1.6526081e-01 -1.3881095e-01 
  3545 : -3.1524896e-01 -8.0341720e-01 
  3546 : -3.6066927e-01  1.5998406e-01 
  3547 :  3.6126252e-01 -3.9359344e-02 
  3548 :  2.7871594e-01 -8.6221090e-01 
  3549 :  3.8056359e-01 -7.7848370e-01 
  3550 :  3.5845711e-01  8.1872693e-01 
  3551 : -3.6023527e-01 -8.3987140e-01 
  3552 : -3.2038309e-01  8.6072925e-01 
  3553 :  3.1815014e-01  8.6115776e-01 
  3554 :  3.4056938e-01 -8.6055204e-01 
  3555 : -1.9294778e-02 -8.8262684e-01 
  3556 : -3.2188848e-01 -8.6084974e-01 
  3557 :  3.8114428e-01 -7.3820467e-01 
  3558 : -3.6087427e-01  9.9639951e-02 
  3559 :  3.6102784e-01  1.2043032e-01 
  3560 : -3.6925066e-01 -7.7849672e-01 
  3561 : -3.6133722e-01 -9.9586428e-02 
  3562 : -3.5890909e-01  2.0649430e-01 
  3563 :  3.6074458e-01  1.7333836e-01 
  3564 :  3.4132748e-01  8.0407632e-02 
  3565 : -3.4040542e-01  8.6070616e-01 
  3566 : -3.8051069e-01 -1.5909585e-01 
  3567 :  3.6121025e-01  2.0651806e-02 
  3568 :  3.6117987e-01  4.0623427e-02 
  3569 : -3.6116370e-01 -5.9769660e-02 
  3570 : -3.6084634e-01  5.9924902e-02 
  3571 :  3.5579774e-01  2.4308379e-01 
  3572 :  3.3809834e-01  2.5167445e-01 
  3573 :  3.6123977e-01 -1.9958519e-01 
  3574 :  7.5465748e-02  1.3749499e-01 
  3575 :  3.0985823e-04  1.3731116e-01 
  3576 :  3.7699300e-02  1.3734154e-01 
  3577 : -3.7282340e-02 -1.1858241e-01 
  3578 :  2.0524416e-01 -1.4444722e-01 
  3579 : -3.0527696e-01 -1.8356666e-01 
  3580 : -3.0454868e-01  8.2134924e-01 
  3581 :  3.1348188e-04 -1.1874272e-01 
  3582 : -3.1552611e-01  1.9495293e-01 
  3583 :  2.0140479e-01 -8.5961438e-01 
  3584 : -3.6352188e-01 -5.9677591e-01 
  3585 :  3.6368919e-01  5.7707185e-01 
  3586 : -5.6059921e-02 -1.1849703e-01 
  3587 :  3.9787138e-02 -8.8257243e-01 
  3588 :  1.8939778e-04  8.6371647e-01 
  3589 : -1.3074853e-01 -1.3816619e-01 
  3590 :  3.1854640e-01  2.1604892e-01 
  3591 : -1.9837995e-01  1.2496949e-01 
  3592 :  3.9101023e-02  8.6368543e-01 
  3593 : -3.6281682e-01 -6.3546225e-01 
  3594 :  3.6348479e-01  6.1642381e-01 
  3595 :  3.5517486e-01 -2.7905009e-01 
  3596 :  3.6177955e-01 -3.4336821e-01 
  3597 :  1.9808089e-02  8.8275063e-01 
  3598 : -3.8269832e-01 -5.5876676e-01 
  3599 :  1.9970894e-02 -8.6357685e-01 
  3600 : -3.8268707e-01 -5.1945251e-01 
  3601 : -5.7548594e-02 -8.6355693e-01 
  3602 :  3.6359273e-01 -4.2294865e-01 
  3603 : -1.8925011e-02 -8.6362141e-01 
  3604 :  3.6323908e-01 -3.8392280e-01 
  3605 :  3.6307800e-01  2.9867942e-01 
  3606 :  3.8270744e-01  5.1884952e-01 
  3607 :  7.7689957e-02  8.6358588e-01 
  3608 : -3.8611327e-02  8.6369658e-01 
  3609 : -3.6258488e-01  6.5116486e-01 
  3610 :  3.6370294e-01  5.3803082e-01 
  3611 : -3.6343519e-01  5.7609573e-01 
  3612 : -3.6351757e-01  4.9951935e-01 
  3613 : -3.6286888e-01 -3.6722150e-01 
  3614 :  3.9516816e-02  8.8273715e-01 
  3615 : -7.7123159e-02  8.6368186e-01 
  3616 : -1.3417911e-01 -8.6179597e-01 
  3617 : -3.6220881e-01  3.6480432e-01 
  3618 : -3.6340781e-01 -4.2377238e-01 
  3619 : -3.6345586e-01  5.3797039e-01 
  3620 : -1.5329068e-01  8.6322095e-01 
  3621 :  2.6857675e-01  1.7414991e-01 
  3622 : -1.1547002e-01  8.6360496e-01 
  3623 :  3.6266681e-01 -6.5710160e-01 
  3624 : -1.2491181e-01  1.3294494e-01 
  3625 :  3.6178528e-01 -7.1723687e-01 
  3626 :  1.1963851e-01 -8.8267805e-01 
  3627 :  3.6318498e-01 -6.1720080e-01 
  3628 : -1.6647829e-01 -1.4180547e-01 
  3629 : -7.2022168e-02  1.3660861e-01 
  3630 : -3.6057525e-01 -3.2938396e-01 
  3631 :  3.6194168e-01  7.5633970e-01 
  3632 :  2.3622523e-01  8.6103038e-01 
  3633 : -2.8947971e-01  1.6960228e-01 
  3634 : -1.5958974e-01  1.2210422e-01 
  3635 : -2.9216108e-01 -8.2906621e-01 
  3636 :  1.3890152e-01 -8.6324792e-01 
  3637 : -3.6076097e-01 -7.4590444e-01 
  3638 : -3.5273365e-01  7.6122756e-01 
  3639 : -2.6957259e-01  1.4540744e-01 
  3640 : -3.5222107e-01 -2.3885893e-01 
  3641 :  2.3372441e-01  1.5583633e-01 
  3642 : -2.6426864e-01 -1.5449876e-01 
  3643 : -1.8508923e-01  8.6187941e-01 
  3644 :  3.0386037e-01  7.8629226e-01 
  3645 : -9.6132547e-02 -8.6324300e-01 
  3646 : -3.4889075e-01 -7.7182280e-01 
  3647 : -2.4512987e-01  1.2003454e-01 
  3648 : -3.5980675e-01  2.5241501e-01 
  3649 :  3.4802605e-01  7.3856303e-01 
  3650 : -3.6311654e-01  6.3254254e-01 
  3651 :  3.6012210e-01  7.7568319e-01 
  3652 :  2.7559025e-01  8.4297492e-01 
  3653 :  2.6553756e-01 -8.2766561e-01 
  3654 :  1.3142840e-01  1.1892596e-01 
  3655 : -2.6896276e-01 -8.5169100e-01 
  3656 : -2.6125847e-01  8.3820597e-01 
  3657 : -2.2848286e-01 -1.2600789e-01 
  3658 : -2.0102465e-01 -1.2895737e-01 
  3659 : -3.4261948e-01 -7.5292227e-01 
  3660 :  3.6357898e-01  2.8012177e-01 
  3661 : -2.1818776e-01  8.6653232e-01 
  3662 :  5.6523813e-02  1.1858420e-01 
  3663 :  1.3139270e-01  1.0014387e-01 
  3664 :  1.8950021e-04 -1.0002240e-01 
  3665 :  2.3158417e-01 -1.3259610e-01 
  3666 : -2.4371801e-01 -1.1948360e-01 
  3667 :  2.2048152e-01  1.3054058e-01 
  3668 : -2.4713016e-01  9.9062803e-02 
  3669 :  3.2179630e-01  6.0562802e-02 
  3670 : -3.4248642e-01 -9.9627623e-02 
  3671 : -3.4110740e-01  5.9656879e-02 
  3672 :  3.4119484e-01  1.2054453e-01 
  3673 :  2.8962721e-01  1.7054342e-01 
  3674 :  3.4167243e-01 -3.9111721e-02 
  3675 :  3.4066666e-01 -8.4067735e-01 
  3676 :  1.8367154e-01  1.2005771e-01 
  3677 :  3.2926007e-01  1.8572354e-01 
  3678 : -3.7247782e-02 -9.9778237e-02 
  3679 : -3.4099910e-01  1.5896121e-01 
  3680 : -3.2183499e-01 -8.4182255e-01 
  3681 : -3.4078193e-01  8.4140631e-01 
  3682 : -7.0665795e-02  1.1787763e-01 
  3683 :  2.5860532e-01 -1.6563365e-01 
  3684 : -3.0172317e-01  8.4084380e-01 
  3685 : -2.7892055e-01 -1.2981958e-01 
  3686 :  3.3566489e-01  8.1881354e-01 
  3687 :  3.3600178e-01 -7.9747626e-01 
  3688 :  3.3168976e-01  7.9262192e-01 
  3689 :  9.8994087e-02 -1.1265042e-01 
  3690 :  3.4119758e-01 -2.1716555e-01 
  3691 : -3.3906786e-01 -8.2000844e-01 
  3692 :  5.7040856e-02 -1.1860431e-01 
  3693 :  1.4403314e-01 -1.3735074e-01 
  3694 :  2.9147709e-01 -8.0823189e-01 
  3695 :  1.8571351e-01 -1.4106757e-01 
  3696 :  3.6057205e-01 -7.7712575e-01 
  3697 :  3.1168688e-01 -1.9421353e-01 
  3698 :  2.9529434e-01  8.4283599e-01 
  3699 : -3.6063935e-01 -1.5799881e-01 
  3700 : -3.4184386e-01 -5.9884649e-02 
  3701 : -3.4161540e-01 -3.9748771e-02 
  3702 :  3.4151958e-01  4.0778239e-02 
  3703 :  3.4161318e-01  8.9184517e-04 
  3704 :  3.4799802e-01  1.7878425e-01 
  3705 :  3.4711404e-01  2.2424116e-01 
  3706 :  3.6116343e-01 -1.4058486e-01 
  3707 :  3.6113882e-01 -1.0019092e-01 
  3708 :  3.2130705e-01 -8.4135377e-01 
  3709 : -3.0030455e-01  8.6054419e-01 
  3710 :  3.5979567e-01 -8.1951601e-01 
  3711 : -3.6020081e-01  8.2203813e-01 
  3712 :  3.4117270e-01  1.0028145e-01 
  3713 : -3.4115158e-01  9.9121820e-02 
  3714 : -3.4131460e-01  3.6560291e-04 
  3715 :  3.1601023e-01  8.4136298e-01 
  3716 :  3.3753669e-01  8.4024476e-01 
  3717 : -3.4118191e-01  3.9950043e-02 
  3718 : -3.4054749e-01 -8.4060671e-01 
  3719 : -3.4216258e-01 -1.3765069e-01 
  3720 :  3.6120690e-01 -5.9530099e-02 
  3721 :  3.6124158e-01  1.5939094e-01 
  3722 : -3.5876846e-01 -1.9608860e-01 
  3723 :  3.6146332e-01 -1.8033970e-01 
  3724 : -3.4133796e-01  1.1890786e-01 
  3725 : -1.7713062e-02  1.1850359e-01 
  3726 :  9.4138237e-02  1.1881876e-01 
  3727 : -1.1233206e-01 -1.1851364e-01 
  3728 : -3.5982451e-01  1.8122172e-01 
  3729 : -7.4843979e-02 -1.1841093e-01 
  3730 :  1.8973578e-02  1.3732580e-01 
  3731 :  3.7267647e-02 -1.0035659e-01 
  3732 : -3.0340891e-01 -1.6944210e-01 
  3733 : -2.1084678e-01  9.9018118e-02 
  3734 : -1.3451122e-01  8.6347206e-01 
  3735 :  4.5138565e-04 -8.6360945e-01 
  3736 : -3.8244609e-02 -8.6360730e-01 
  3737 : -1.4883033e-01 -1.3963660e-01 
  3738 :  3.6221967e-01 -6.7713580e-01 
  3739 : -1.0715329e-01  1.3504806e-01 
  3740 :  1.4929175e-01  1.1894587e-01 
  3741 : -1.7626876e-01  1.1430429e-01 
  3742 : -3.3539759e-01  2.0004018e-01 
  3743 : -3.1906645e-01 -1.8794420e-01 
  3744 : -3.0322719e-01 -8.2630849e-01 
  3745 : -3.0206319e-01  1.7233736e-01 
  3746 : -3.2529398e-01  8.0925798e-01 
  3747 : -5.3365817e-02  1.1819921e-01 
  3748 :  2.5214529e-01  1.6442789e-01 
  3749 : -3.3628277e-01  7.8911884e-01 
  3750 :  2.5673824e-01  8.6140619e-01 
  3751 : -1.3818343e-01  1.1067146e-01 
  3752 :  3.4843767e-01 -2.5590819e-01 
  3753 : -2.6764511e-01  1.3114763e-01 
  3754 :  3.6187557e-01 -7.3705084e-01 
  3755 : -1.8526467e-01 -1.2524623e-01 
  3756 : -2.8308689e-01  1.5401319e-01 
  3757 : -3.4798567e-01  2.2702380e-01 
  3758 :  3.4292923e-01 -7.5528970e-01 
  3759 :  2.5218080e-01 -8.4836762e-01 
  3760 : -3.3508532e-01 -2.1059609e-01 
  3761 :  3.4547135e-01  2.6844395e-01 
  3762 : -2.8948815e-01 -8.4057679e-01 
  3763 : -2.1512112e-01 -1.1804863e-01 
  3764 :  3.4505934e-01 -2.6366552e-01 
  3765 : -3.5710758e-01  7.8420892e-01 
  3766 : -3.6488185e-01  2.3405994e-01 
  3767 : -2.6212149e-01 -1.3428062e-01 
  3768 : -3.1979922e-01 -8.2293704e-01 
  3769 :  2.8737023e-01 -8.2062112e-01 
  3770 :  2.2617575e-01  1.7268665e-01 
  3771 : -9.3618121e-02 -9.9454760e-02 
  3772 : -3.4969699e-02  9.9702927e-02 
  3773 :  3.4136778e-01 -1.0111674e-01 
  3774 :  3.2208752e-01 -1.9057873e-02 
  3775 : -3.2194604e-01 -1.9561971e-02 
  3776 : -2.6015397e-01 -1.1383990e-01 
  3777 :  3.2111518e-01  9.9373230e-02 
  3778 : -3.2168763e-01  3.9499146e-02 
  3779 :  2.6103122e-01  1.4777283e-01 
  3780 :  3.2186403e-01  4.0917443e-02 
  3781 :  3.4183525e-01 -1.4120795e-01 
  3782 : -3.2153859e-01  9.7682863e-02 
  3783 :  3.0143908e-01 -1.7109855e-01 
  3784 :  8.7608804e-02 -9.9453324e-02 
  3785 :  3.4152010e-01 -5.9359064e-02 
  3786 :  3.4355469e-01  1.6082013e-01 
  3787 :  3.4220266e-01 -1.6187323e-01 
  3788 :  1.6792236e-01  1.0082768e-01 
  3789 :  3.3129489e-01 -1.9780703e-01 
  3790 : -3.4132995e-01 -1.5609494e-01 
  3791 :  3.3997964e-01 -8.2062538e-01 
  3792 : -3.2177348e-01  1.5692459e-01 
  3793 :  5.5759793e-02 -1.0033165e-01 
  3794 : -3.2131454e-01 -1.7100222e-01 
  3795 :  2.5033248e-01 -1.4023631e-01 
  3796 :  1.2475505e-01 -1.1628633e-01 
  3797 :  1.6996770e-01 -1.2035197e-01 
  3798 :  2.4061022e-01  1.3833288e-01 
  3799 : -3.2299328e-01  8.2283575e-01 
  3800 :  2.7850543e-01  1.5964692e-01 
  3801 : -3.3921663e-01  1.7934490e-01 
  3802 : -3.2241646e-01 -3.9885011e-02 
  3803 :  2.0130902e-01  1.2407248e-01 
  3804 :  3.2134163e-01 -8.0794543e-01 
  3805 :  3.2162084e-01  7.9856471e-02 
  3806 : -3.4110238e-01  7.9271706e-02 
  3807 :  3.4178668e-01  1.4101666e-01 
  3808 : -3.2178361e-01  3.9128473e-04 
  3809 : -3.4267818e-01 -1.1884555e-01 
  3810 : -3.4223269e-01 -7.9921181e-02 
  3811 :  3.4157321e-01  2.0856207e-02 
  3812 : -3.2209646e-01  1.3723041e-01 
  3813 :  7.5343495e-02  1.1868861e-01 
  3814 :  6.5976027e-04  1.1853412e-01 
  3815 :  3.7809840e-02  1.1854312e-01 
  3816 : -5.6023622e-02 -9.9665887e-02 
  3817 :  2.1160438e-01 -1.2691447e-01 
  3818 :  1.8795874e-02 -1.0019708e-01 
  3819 : -1.8505175e-02 -9.9889070e-02 
  3820 : -1.3087127e-01 -1.1912991e-01 
  3821 : -2.2788273e-01  9.1258349e-02 
  3822 :  1.4976760e-01  1.0026254e-01 
  3823 :  1.1282664e-01  1.0011061e-01 
  3824 : -3.3957644e-01  8.0616581e-01 
  3825 : -3.4108675e-01  8.2322433e-01 
  3826 : -3.3824844e-01 -1.9241636e-01 
  3827 : -1.9335305e-01  1.0676020e-01 
  3828 : -1.6754248e-01 -1.2221115e-01 
  3829 : -8.7790015e-02  1.1735715e-01 
  3830 : -3.0318703e-01 -1.4630427e-01 
  3831 : -5.2392899e-02  9.9528574e-02 
  3832 : -1.5426611e-01  1.0434152e-01 
  3833 :  3.0389948e-01 -8.2267892e-01 
  3834 :  3.6158106e-01 -7.5687492e-01 
  3835 : -1.2174102e-01  1.1446732e-01 
  3836 :  3.3740022e-01  2.0543161e-01 
  3837 : -2.7647652e-01 -1.0935493e-01 
  3838 : -2.6155319e-01  1.0873338e-01 
  3839 :  2.6374336e-01 -1.8612709e-01 
  3840 : -3.2142862e-01  8.4142293e-01 
  3841 :  2.7683392e-01 -8.3975981e-01 
  3842 : -2.8439689e-01  1.3220754e-01 
  3843 : -2.0591819e-01 -1.1282380e-01 
  3844 : -3.0313194e-01  1.5445227e-01 
  3845 : -2.2447067e-01 -1.1070134e-01 
  3846 :  3.4353765e-01 -1.8129996e-01 
  3847 : -3.1961710e-01  1.7593277e-01 
  3848 : -3.0463467e-01 -8.4247196e-01 
  3849 :  3.2153619e-01 -8.2228010e-01 
  3850 :  1.5052271e-01  8.1465197e-02 
  3851 :  3.6885080e-02 -8.1899715e-02 
  3852 : -1.8490354e-02 -8.1110229e-02 
  3853 :  5.6630818e-02  9.9780428e-02 
  3854 : -3.4430831e-02  8.1055968e-02 
  3855 :  2.3965767e-01 -1.1521185e-01 
  3856 :  3.0208199e-01  4.0988636e-02 
  3857 :  2.2476698e-01  1.1182429e-01 
  3858 : -3.0255722e-01 -1.9330583e-02 
  3859 : -2.4454410e-01  8.5938343e-02 
  3860 : -2.7492402e-01 -8.8659407e-02 
  3861 :  3.0265599e-01  7.8742424e-02 
  3862 :  2.6904416e-01  1.2897643e-01 
  3863 : -3.2483222e-01 -1.0029590e-01 
  3864 :  1.8607959e-01  1.0274282e-01 
  3865 : -3.2148621e-01  7.8082862e-02 
  3866 :  2.6743008e-01 -1.4917433e-01 
  3867 :  3.0358415e-01  1.6798439e-01 
  3868 :  3.2036098e-01  1.1991313e-01 
  3869 :  3.1988672e-01 -1.4055688e-01 
  3870 : -3.2504399e-01 -1.3587052e-01 
  3871 :  1.0651620e-01 -9.8406449e-02 
  3872 :  1.4799004e-01 -1.1822230e-01 
  3873 :  3.4110354e-01 -8.0237837e-02 
  3874 :  1.9103551e-01 -1.2306118e-01 
  3875 : -3.4018962e-01 -1.7424776e-01 
  3876 :  3.2733063e-01 -1.8490668e-01 
  3877 :  3.4201000e-01 -1.2123677e-01 
  3878 :  2.8301307e-01 -1.5933939e-01 
  3879 : -3.2162269e-01  5.8702513e-02 
  3880 : -3.2175360e-01  2.0026190e-02 
  3881 :  3.2383490e-01  1.6421656e-01 
  3882 :  3.2195974e-01  2.1037515e-02 
  3883 :  3.2202820e-01  1.0131702e-03 
  3884 : -3.2186017e-01  1.1729899e-01 
  3885 : -3.2400170e-01 -8.0649357e-02 
  3886 :  1.3183280e-01  8.1341616e-02 
  3887 : -1.1237051e-01 -9.9542880e-02 
  3888 : -3.7222716e-02 -8.0969931e-02 
  3889 :  9.4121583e-02  1.0000065e-01 
  3890 : -7.4819153e-02 -9.9548465e-02 
  3891 : -3.2320218e-01 -6.0394481e-02 
  3892 :  1.9198743e-02  1.1853737e-01 
  3893 : -1.7092544e-02  9.9768884e-02 
  3894 :  1.8641075e-02 -8.1571534e-02 
  3895 : -2.0418366e-01  8.0897663e-02 
  3896 : -2.9548183e-01 -1.2502282e-01 
  3897 :  3.2218696e-01 -3.9122608e-02 
  3898 : -1.4922283e-01 -1.2037706e-01 
  3899 : -6.9572854e-02  9.9248752e-02 
  3900 : -1.9005692e-01 -1.0254841e-01 
  3901 : -1.7049960e-01  9.6564080e-02 
  3902 : -1.0491758e-01  1.1638186e-01 
  3903 : -3.2316343e-01 -1.5293796e-01 
  3904 : -1.3430373e-01  9.4539270e-02 
  3905 : -3.0291584e-01  1.3486369e-01 
  3906 :  3.2084364e-01  1.4187757e-01 
  3907 :  3.2350281e-01 -1.6531776e-01 
  3908 : -2.8317430e-01  1.1167071e-01 
  3909 :  2.7243068e-01 -1.7524229e-01 
  3910 : -2.6282623e-01  8.7192084e-02 
  3911 : -2.3989918e-01 -9.7004800e-02 
  3912 :  2.4631024e-01  1.1910291e-01 
  3913 :  7.4105731e-02 -9.9954867e-02 
  3914 :  3.0606642e-01 -8.0192817e-01 
  3915 : -2.1569147e-01 -9.5836457e-02 
  3916 :  3.4381414e-01 -1.9884489e-01 
  3917 : -9.3614113e-02 -8.0538279e-02 
  3918 :  1.3234958e-01  6.2456761e-02 
  3919 :  3.7049509e-02 -6.3517988e-02 
  3920 : -1.8457433e-02 -6.2307145e-02 
  3921 :  3.2074826e-01 -7.9779566e-02 
  3922 : -2.6188374e-01  6.3788301e-02 
  3923 : -1.6615986e-02  8.1110023e-02 
  3924 :  3.0284347e-01 -3.9867987e-02 
  3925 :  9.4045993e-02 -8.5500012e-02 
  3926 : -3.0259011e-01  1.9713917e-02 
  3927 :  3.2748864e-01 -1.2228914e-01 
  3928 :  2.7590508e-01  1.0845597e-01 
  3929 : -3.0225560e-01  7.5683607e-02 
  3930 :  3.0134215e-01  9.6518383e-02 
  3931 : -3.0836294e-01 -1.0219041e-01 
  3932 : -3.0682957e-01 -8.2304556e-02 
  3933 : -3.0345771e-01 -3.9970392e-02 
  3934 :  1.5433681e-01 -9.9496991e-02 
  3935 :  1.7568046e-01 -1.0230051e-01 
  3936 :  2.0471076e-01  1.0645931e-01 
  3937 :  3.2194126e-01 -5.9128089e-02 
  3938 :  1.2726774e-01 -9.4817830e-02 
  3939 :  2.9432761e-01  1.4277681e-01 
  3940 :  3.0241770e-01  2.1026538e-02 
  3941 :  2.5893545e-01 -1.2313541e-01 
  3942 :  3.0226646e-01  6.0430861e-02 
  3943 : -3.0218694e-01  9.4886722e-02 
  3944 : -3.2576957e-01 -1.1875830e-01 
  3945 : -3.0247482e-01  3.8706268e-04 
  3946 :  3.0235228e-01 -1.9606159e-02 
  3947 : -3.0281795e-01  3.8502223e-02 
  3948 : -2.2139764e-01  7.3823530e-02 
  3949 : -5.6000624e-02 -8.0828824e-02 
  3950 :  7.5378207e-02  9.9875335e-02 
  3951 :  1.6909833e-01  8.2204142e-02 
  3952 :  1.1131891e-03  9.9780284e-02 
  3953 :  3.8013370e-02  9.9754919e-02 
  3954 :  1.1308146e-01  8.1280393e-02 
  3955 :  1.5175720e-04 -8.1302595e-02 
  3956 :  1.9689992e-01 -1.0468264e-01 
  3957 : -1.3101987e-01 -1.0000439e-01 
  3958 : -1.6846038e-01 -1.0197007e-01 
  3959 : -5.1949657e-02  8.0917976e-02 
  3960 :  2.9277750e-01 -1.4236875e-01 
  3961 : -1.8723179e-01  8.8648758e-02 
  3962 : -3.0255286e-01  1.1470168e-01 
  3963 : -8.6710037e-02  9.8870380e-02 
  3964 : -1.1967055e-01  9.7399194e-02 
  3965 : -1.4851825e-01  8.8204189e-02 
  3966 : -2.8256052e-01  9.1108525e-02 
  3967 : -2.0264832e-01 -9.1904475e-02 
  3968 :  2.9822565e-01  1.1641463e-01 
  3969 : -2.9255425e-01 -1.0537391e-01 
  3970 : -2.2876111e-01 -8.8676178e-02 
  3971 : -2.5901970e-01 -9.2687049e-02 
  3972 :  5.5061000e-02 -8.2170403e-02 
  3973 : -3.1327709e-01 -1.3366495e-01 
  3974 :  5.6805806e-02  8.1015306e-02 
  3975 :  1.4553561e-01 -7.9228550e-02 
  3976 : -3.4349327e-02  6.2575357e-02 
  3977 :  2.8266623e-01  4.0102203e-02 
  3978 :  2.8056393e-01 -4.4156842e-02 
  3979 : -2.8310690e-01 -1.8673456e-02 
  3980 :  2.2627645e-01  9.1810515e-02 
  3981 :  2.4835992e-01 -9.7749706e-02 
  3982 :  1.1344181e-01  6.2464812e-02 
  3983 :  1.8765423e-01  8.4149279e-02 
  3984 :  1.8884155e-02 -6.2919472e-02 
  3985 :  1.4920687e-03  8.1108242e-02 
  3986 :  1.8068305e-01 -8.8721930e-02 
  3987 :  5.4842269e-02 -6.4105477e-02 
  3988 :  2.1864921e-01 -1.0894610e-01 
  3989 : -2.8400127e-01  1.9504649e-02 
  3990 :  2.5074379e-01  9.4167342e-02 
  3991 :  3.0132832e-01 -7.6904483e-02 
  3992 : -3.0518721e-01 -6.1364153e-02 
  3993 : -2.7376906e-01 -6.7666928e-02 
  3994 :  3.0247575e-01  9.1777418e-04 
  3995 :  3.1801329e-01 -1.0540591e-01 
  3996 :  2.8039498e-01  6.1949996e-02 
  3997 :  2.8884512e-01  7.7573319e-02 
  3998 : -3.0273991e-01  5.6928030e-02 
  3999 :  1.5121031e-01  6.2557195e-02 
  4000 : -3.7249193e-02 -6.2154891e-02 
  4001 : -1.1241119e-01 -8.0528666e-02 
  4002 :  9.4300293e-02  8.1177305e-02 
  4003 :  2.7657899e-01 -1.3228005e-01 
  4004 : -7.4802502e-02 -8.0678220e-02 
  4005 :  1.9511944e-02  9.9770459e-02 
  4006 : -2.3964365e-01  6.8134570e-02 
  4007 :  1.1332216e-01 -7.8203318e-02 
  4008 :  2.9549276e-04 -6.2533834e-02 
  4009 :  3.0334053e-01 -5.8643866e-02 
  4010 : -1.9777533e-01  6.4011814e-02 
  4011 : -1.4960844e-01 -1.0089944e-01 
  4012 : -1.8626868e-01 -8.1010682e-02 
  4013 : -1.6407729e-01  7.9414556e-02 
  4014 :  7.3271540e-02 -8.2613666e-02 
  4015 : -6.9341015e-02  8.0724756e-02 
  4016 : -1.0371232e-01  9.8348204e-02 
  4017 : -1.3154880e-01  8.3231076e-02 
  4018 : -2.8345061e-01  7.1752158e-02 
  4019 :  3.0430463e-01 -1.5081316e-01 
  4020 : -2.9065460e-01 -8.5048262e-02 
  4021 : -2.4459017e-01 -7.3608846e-02 
  4022 : -2.1634796e-01 -7.6594541e-02 
  4023 : -3.1076807e-01 -1.2061401e-01 
  4024 : -9.3577490e-02 -6.1637934e-02 
  4025 :  3.8262104e-02 -4.5349038e-02 
  4026 :  1.3276734e-01  4.3641278e-02 
  4027 : -1.8489622e-02 -4.3456697e-02 
  4028 :  2.6438888e-01  3.8386034e-02 
  4029 :  2.8981838e-01 -5.8703438e-02 
  4030 :  2.4105195e-01  7.4975343e-02 
  4031 :  9.4547057e-02  6.2411220e-02 
  4032 :  2.9529853e-01 -9.5974451e-02 
  4033 :  3.8229052e-02  8.1033519e-02 
  4034 : -2.5112637e-01  4.2205943e-02 
  4035 : -2.8311465e-01 -3.8327630e-02 
  4036 :  9.0837416e-02 -6.3612636e-02 
  4037 : -2.8509615e-01  3.7513139e-02 
  4038 :  2.6770314e-01 -1.0582613e-01 
  4039 :  2.0651869e-01  8.7530967e-02 
  4040 :  2.8310372e-01  6.5844554e-04 
  4041 :  2.8316110e-01  2.0430493e-02 
  4042 :  2.6617531e-01  7.7356624e-02 
  4043 :  1.6997488e-01  6.3276989e-02 
  4044 : -2.8335259e-01  5.4538126e-04 
  4045 :  1.2798147e-01 -7.2122848e-02 
  4046 : -5.6041125e-02 -6.2001093e-02 
  4047 : -1.6506022e-02  6.2717707e-02 
  4048 :  7.5532055e-02  8.1081967e-02 
  4049 : -2.1397319e-01  5.6410164e-02 
  4050 :  2.8235742e-01 -2.0032106e-02 
  4051 :  1.9804800e-02 -4.4122022e-02 
  4052 : -1.3119167e-01 -8.0776265e-02 
  4053 :  2.0136083e-01 -8.2177969e-02 
  4054 :  1.9792285e-02  8.1083479e-02 
  4055 : -1.6862587e-01 -8.1813323e-02 
  4056 :  1.6485054e-01 -7.9613251e-02 
  4057 : -1.8109115e-01  7.1128524e-02 
  4058 :  7.2704302e-02 -6.4404304e-02 
  4059 : -1.4050421e-01  7.4782430e-02 
  4060 :  2.2727642e-01 -9.0482219e-02 
  4061 : -8.6775447e-02  8.0571281e-02 
  4062 : -1.2045241e-01  8.1431071e-02 
  4063 : -2.0198093e-01 -7.8719009e-02 
  4064 : -2.7209459e-01  5.1603537e-02 
  4065 : -5.2096596e-02  6.2418569e-02 
  4066 :  3.0329857e-01 -1.2550271e-01 
  4067 : -2.8854082e-01 -6.3756865e-02 
  4068 :  2.8295976e-01  8.9484808e-02 
  4069 : -2.3022303e-01 -7.4887679e-02 
  4070 : -2.5943442e-01 -7.1350806e-02 
  4071 :  1.9775272e-02  6.2633048e-02 
  4072 :  1.4677381e-01 -5.7820744e-02 
  4073 : -5.2372827e-02  4.4126020e-02 
  4074 :  4.3243211e-02 -2.5599861e-02 
  4075 :  2.5889628e-01 -3.7702990e-02 
  4076 : -2.6376653e-01 -1.8085511e-02 
  4077 :  1.8867093e-01  6.5138018e-02 
  4078 :  2.5761631e-01 -8.0411467e-02 
  4079 :  2.2640775e-01  7.2041363e-02 
  4080 :  7.1261803e-02 -4.6949945e-02 
  4081 :  2.6415754e-01 -1.5950856e-04 
  4082 :  7.5679270e-02  6.2359483e-02 
  4083 : -2.6411046e-01  8.1860460e-04 
  4084 :  1.1382416e-01  4.3814228e-02 
  4085 :  2.8402353e-01 -7.1132902e-02 
  4086 :  1.0914101e-01 -6.1118742e-02 
  4087 :  2.6435898e-01  1.9175664e-02 
  4088 : -2.3197546e-01  4.8463395e-02 
  4089 : -3.7576414e-02 -4.3374717e-02 
  4090 :  6.5374550e-04 -4.3683733e-02 
  4091 : -1.1236274e-01 -6.1492417e-02 
  4092 : -7.4812463e-02 -6.1829965e-02 
  4093 :  2.8616108e-01 -1.1477653e-01 
  4094 :  1.5166449e-01  4.3618165e-02 
  4095 :  5.6863111e-02  6.2386050e-02 
  4096 :  1.9140960e-01 -6.6368592e-02 
  4097 : -3.4612540e-02  4.4554410e-02 
  4098 : -8.7685199e-02  6.2376347e-02 
  4099 : -6.9872257e-02  6.2323351e-02 
  4100 : -1.4997138e-01 -8.1303882e-02 
  4101 : -1.9305739e-01  5.1867213e-02 
  4102 :  1.5066495e-03  6.2769269e-02 
  4103 : -1.8655590e-01 -6.2671676e-02 
  4104 : -1.5540390e-01  6.3447224e-02 
  4105 : -1.2625065e-01  6.2495820e-02 
  4106 : -2.7263043e-01 -4.9454960e-02 
  4107 :  5.5107531e-02 -4.7060458e-02 
  4108 : -1.0430079e-01  8.0572057e-02 
  4109 :  2.6463471e-01  5.2779653e-02 
  4110 : -2.1705877e-01 -5.9598574e-02 
  4111 : -2.6857032e-01  3.8461602e-02 
  4112 : -2.4617066e-01 -5.4178753e-02 
  4113 : -2.8508927e-01  5.4378052e-02 
  4114 : -9.3437367e-02 -4.2912763e-02 
  4115 :  1.3291786e-01  2.5181556e-02 
  4116 : -5.2350782e-02  2.6076232e-02 
  4117 :  1.6356641e-03 -2.4797622e-02 
  4118 :  1.8845629e-02  4.4718394e-02 
  4119 :  5.6419484e-02  4.3852376e-02 
  4120 :  2.4570444e-01 -1.9839402e-03 
  4121 :  2.0636019e-01 -5.8894334e-02 
  4122 : -2.4382854e-01  7.8624717e-04 
  4123 : -1.0573381e-01  6.2809129e-02 
  4124 :  2.4920668e-01  5.9370019e-02 
  4125 :  2.6317757e-01 -1.9578485e-02 
  4126 :  2.4584145e-01  1.7062279e-02 
  4127 :  1.6738324e-01 -5.5156251e-02 
  4128 :  1.7050169e-01  4.4275302e-02 
  4129 :  2.6734514e-01 -6.3181614e-02 
  4130 :  1.2755408e-01 -5.8737746e-02 
  4131 : -5.6405321e-02 -4.3266522e-02 
  4132 : -1.8647761e-02 -2.4473405e-02 
  4133 : -1.6941546e-02  4.4999563e-02 
  4134 :  2.1334292e-02 -2.5638124e-02 
  4135 :  9.4829892e-02  4.3834356e-02 
  4136 :  8.8449814e-02 -4.5442991e-02 
  4137 :  3.8129375e-02  6.2545764e-02 
  4138 : -1.3127855e-01 -6.1409917e-02 
  4139 : -2.0300460e-01  4.1774900e-02 
  4140 : -1.7575122e-01  5.0475458e-02 
  4141 : -1.6946518e-01 -6.2097115e-02 
  4142 :  2.3798340e-01 -7.2317075e-02 
  4143 : -2.0226789e-01 -6.1646774e-02 
  4144 :  5.6016775e-02 -3.4849779e-02 
  4145 : -1.4401901e-01  4.8836998e-02 
  4146 : -7.0309123e-02  4.4028681e-02 
  4147 : -2.6561803e-01  2.0119868e-02 
  4148 :  2.0747881e-01  6.8281376e-02 
  4149 : -2.6304191e-01 -3.5403947e-02 
  4150 : -2.3138697e-01 -5.6907053e-02 
  4151 :  2.7616552e-01 -8.8255466e-02 
  4152 : -2.6209891e-01 -4.9423974e-02 
  4153 : -6.9674654e-02  2.6090036e-02 
  4154 :  1.4641020e-01 -3.7756749e-02 
  4155 :  6.2126878e-02 -1.6147198e-02 
  4156 :  2.4546606e-02 -8.3562559e-03 
  4157 :  2.2726275e-01  1.4100224e-02 
  4158 :  1.8927639e-01  4.6097153e-02 
  4159 : -2.4439180e-01 -1.8714325e-02 
  4160 :  2.4553893e-01 -2.0379972e-02 
  4161 :  1.1430955e-01  2.5673520e-02 
  4162 :  1.0671031e-01 -4.3357988e-02 
  4163 : -2.2031897e-01  2.4919017e-02 
  4164 :  2.4947803e-01 -5.4839142e-02 
  4165 : -1.1194978e-01 -4.2637520e-02 
  4166 :  1.8821814e-01 -4.9916884e-02 
  4167 :  5.3721224e-03 -6.6849138e-03 
  4168 : -3.8951943e-02 -2.4782611e-02 
  4169 :  7.5641592e-02  4.3784209e-02 
  4170 : -3.4837632e-02  2.7174655e-02 
  4171 : -7.4967005e-02 -4.3107495e-02 
  4172 :  1.5154803e-01  2.4778560e-02 
  4173 :  7.1946934e-04  4.5124472e-02 
  4174 : -8.8886414e-02  4.4174446e-02 
  4175 :  3.7273619e-02  4.4272629e-02 
  4176 :  2.1908129e-01 -6.4420191e-02 
  4177 : -1.5061049e-01 -6.1394315e-02 
  4178 : -1.8818797e-01 -4.8911308e-02 
  4179 :  2.4636903e-01  3.6382001e-02 
  4180 : -1.8768947e-01  3.0867560e-02 
  4181 : -2.4587761e-01 -3.6381170e-02 
  4182 : -1.5922587e-01  3.5232346e-02 
  4183 :  6.8044423e-02 -3.1603879e-02 
  4184 : -1.2139027e-01  4.7153386e-02 
  4185 :  2.2709801e-01  5.2995522e-02 
  4186 : -2.1794723e-01 -4.6407346e-02 
  4187 : -2.4577638e-01  2.1856436e-02 
  4188 :  1.3236807e-01  7.8802862e-03 
  4189 : -7.5539651e-02 -2.4681619e-02 
  4190 :  8.0734875e-02 -1.1586845e-02 
  4191 :  5.5034570e-02  2.4925175e-02 
  4192 : -5.3912503e-02  7.3355293e-03 
  4193 :  2.0787731e-01 -4.5621928e-02 
  4194 :  9.5405539e-02  2.5597325e-02 
  4195 :  1.6209756e-02  2.7459263e-02 
  4196 : -1.8955181e-02 -3.5445299e-03 
  4197 : -8.8187630e-02  2.6008348e-02 
  4198 : -1.7781236e-02  2.8586008e-02 
  4199 :  1.6755581e-01 -3.4576369e-02 
  4200 :  2.0808243e-01  4.9141554e-02 
  4201 :  1.7041577e-01  2.5255258e-02 
  4202 :  2.3053188e-01 -4.4131509e-02 
  4203 :  2.2724529e-01 -4.9634459e-03 
  4204 :  1.2587686e-01 -4.0637459e-02 
  4205 : -9.3468121e-02 -2.5115253e-02 
  4206 :  3.9203516e-02 -1.0391588e-02 
  4207 : -5.7775376e-02 -2.4920983e-02 
  4208 : -1.3076003e-01 -4.2034168e-02 
  4209 :  8.5129163e-02 -2.8577041e-02 
  4210 : -1.9744747e-01  1.3702100e-02 
  4211 : -2.2268579e-01 -4.5587920e-04 
  4212 : -1.7432135e-01 -3.9456950e-02 
  4213 : -1.7172572e-01  2.1143509e-02 
  4214 : -1.0753081e-01  4.5388696e-02 
  4215 : -2.0410829e-01 -4.1998542e-02 
  4216 :  2.2749343e-01  3.3536905e-02 
  4217 : -1.3060046e-01  3.6420166e-02 
  4218 : -2.2148384e-01 -2.2993749e-02 
  4219 :  1.1255298e-02  1.0539703e-02 
  4220 :  2.4566281e-01 -3.3633775e-02 
  4221 : -2.2956238e-01 -4.0386636e-02 
  4222 :  1.4999043e-01  6.1562702e-03 
  4223 : -2.0331021e-01 -4.3078561e-03 
  4224 :  1.8941916e-01  2.7056184e-02 
  4225 :  1.1519799e-01  8.7148018e-03 
  4226 : -8.3663037e-02  8.9550044e-03 
  4227 :  1.0347046e-01 -2.6050495e-02 
  4228 :  1.4350234e-01 -1.4717136e-02 
  4229 : -1.1176406e-01  2.4873214e-02 
  4230 :  2.0837685e-01 -2.7426527e-02 
  4231 :  1.8825036e-01 -3.1029233e-02 
  4232 :  9.9824732e-02 -9.1770772e-03 
  4233 :  3.0190861e-02  8.2309717e-03 
  4234 : -1.1996210e-03  2.8571908e-02 
  4235 : -1.1091258e-01 -2.4949112e-02 
  4236 :  7.5577741e-02  2.5000866e-02 
  4237 : -6.6341835e-02  9.0564688e-03 
  4238 : -1.5055925e-01 -4.1002194e-02 
  4239 : -3.3346006e-02  8.6744972e-03 
  4240 :  5.2405261e-02  2.2583220e-03 
  4241 : -2.0547691e-01 -1.7979964e-02 
  4242 : -1.7999581e-01  5.8791172e-03 
  4243 : -1.9341969e-01 -2.6296499e-02 
  4244 :  2.0840283e-01  1.0737778e-02 
  4245 :  3.4803762e-02  2.5952497e-02 
  4246 : -1.4434090e-01  1.9155964e-02 
  4247 : -4.3428957e-02 -7.3680347e-03 
  4248 :  2.2762170e-01 -2.3623382e-02 
  4249 : -4.2682079e-03  1.2324560e-02 
  4250 : -6.1347112e-02 -7.5141695e-03 
  4251 : -7.8269291e-02 -7.4570973e-03 
  4252 :  2.0836046e-01  3.0029537e-02 
  4253 :  1.8911619e-01  7.8215132e-03 
  4254 : -1.0257481e-01  5.7409981e-03 
  4255 : -1.8595543e-01 -1.0708373e-02 
  4256 :  1.6788426e-01 -1.4015465e-02 
  4257 :  1.2222270e-01 -2.2788601e-02 
  4258 : -1.2654139e-01  1.3751206e-02 
  4259 : -1.6796951e-01 -1.7099214e-02 
  4260 : -1.2877387e-01 -2.3145701e-02 
  4261 :  2.0822264e-01 -8.3320306e-03 
  4262 : -1.6068512e-01  1.3431440e-02 
  4263 :  1.6915573e-01  6.1315112e-03 
  4264 :  7.6964688e-02  6.1122619e-03 
  4265 :  9.6937262e-02  7.8705448e-03 
  4266 : -1.8414002e-02  1.6738049e-02 
  4267 :  1.1779355e-01 -6.8501297e-03 
  4268 : -9.6428424e-02 -9.6396276e-03 
  4269 :  1.3064501e-01 -4.1074498e-03 
  4270 : -1.2264860e-01 -2.9782602e-03 
  4271 : -1.4822858e-01 -2.0844031e-02 
  4272 : -1.4531031e-01 -1.7608959e-03 
  4273 : -1.6331858e-01  7.5338709e-04 
  4274 :  1.8847898e-01 -1.1465034e-02 
  4275 : -1.0941112e-01 -1.2836634e-02 
Number of edges 492 
     0 :      0     20 
     1 :     20     21 
     2 :     21     22 
     3 :     22     23 
     4 :     23     24 
     5 :     24     25 
     6 :     25     26 
     7 :     26     27 
     8 :     27     28 
     9 :     28     29 
    10 :     29     30 
    11 :     30     31 
    12 :     31     32 
    13 :     32     33 
    14 :     33     34 
    15 :     34      1 
    16 :      1     35 
    17 :     35     36 
    18 :     36     37 
    19 :     37     38 
    20 :     38     39 
    21 :     39     40 
    22 :     40     41 
    23 :     41      2 
    24 :      2     42 
    25 :     42     43 
    26 :     43     44 
    27 :     44     45 
    28 :     45     46 
    29 :     46     47 
    30 :     47     48 
    31 :     48     49 
    32 :     49     50 
    33 :     50     51 
    34 :     51     52 
    35 :     52     53 
    36 :     53     54 
    37 :     54     55 
    38 :     55     56 
    39 :     56      3 
    40 :      3     57 
    41 :     57     58 
    42 :     58     59 
    43 :     59     60 
    44 :     60     61 
    45 :     61     62 
    46 :     62     63 
    47 :     63      4 
    48 :      4     64 
    49 :     64     65 
    50 :     65     66 
    51 :     66     67 
    52 :     67     68 
    53 :     68     69 
    54 :     69     70 
    55 :     70     71 
    56 :     71     72 
    57 :     72     73 
    58 :     73     74 
    59 :     74     75 
    60 :     75     76 
    61 :     76     77 
    62 :     77     78 
    63 :     78      5 
    64 :      5     79 
    65 :     79     80 
    66 :     80     81 
    67 :     81     82 
    68 :     82     83 
    69 :     83     84 
    70 :     84     85 
    71 :     85      6 
    72 :      6     86 
    73 :     86     87 
    74 :     87     88 
    75 :     88     89 
    76 :     89     90 
    77 :     90     91 
    78 :     91     92 
    79 :     92     93 
    80 :     93     94 
    81 :     94     95 
    82 :     95     96 
    83 :     96     97 
    84 :     97     98 
    85 :     98     99 
    86 :     99    100 
    87 :    100      7 
    88 :      7    101 
    89 :    101    102 
    90 :    102    103 
    91 :    103    104 
    92 :    104    105 
    93 :    105    106 
    94 :    106    107 
    95 :    107      0 
    96 :      8    108 
    97 :    108    109 
    98 :    109    110 
    99 :    110    111 
   100 :    111    112 
   101 :    112    113 
   102 :    113    114 
   103 :    114    115 
   104 :    115    116 
   105 :    116    117 
   106 :    117    118 
   107 :    118    119 
   108 :    119    120 
   109 :    120    121 
   110 :    121    122 
   111 :    122    123 
   112 :    123    124 
   113 :    124    125 
   114 :    125    126 
   115 :    126    127 
   116 :    127    128 
   117 :    128    129 
   118 :    129    130 
   119 :    130    131 
   120 :    131    132 
   121 :    132    133 
   122 :    133    134 
   123 :    134    135 
   124 :    135    136 
   125 :    136    137 
   126 :    137    138 
   127 :    138    139 
   128 :    139    140 
   129 :    140    141 
   130 :    141    142 
   131 :    142    143 
   132 :    143    144 
   133 :    144    145 
   134 :    145    146 
   135 :    146    147 
   136 :    147    148 
   137 :    148    149 
   138 :    149    150 
   139 :    150    151 
   140 :    151    152 
   141 :    152    153 
   142 :    153    154 
   143 :    154    155 
   144 :    155    156 
   145 :    156      9 
   146 :     10    157 
   147 :    157    158 
   148 :    158    159 
   149 :    159    160 
   150 :    160    161 
   151 :    161    162 
   152 :    162    163 
   153 :    163    164 
   154 :    164    165 
   155 :    165    166 
   156 :    166    167 
   157 :    167    168 
   158 :    168    169 
   159 :    169    170 
   160 :    170    171 
   161 :    171    172 
   162 :    172    173 
   163 :    173    174 
   164 :    174    175 
   165 :    175    176 
   166 :    176    177 
   167 :    177    178 
   168 :    178    179 
   169 :    179    180 
   170 :    180    181 
   171 :    181    182 
   172 :    182    183 
   173 :    183    184 
   174 :    184    185 
   175 :    185    186 
   176 :    186    187 
   177 :    187    188 
   178 :    188    189 
   179 :    189    190 
   180 :    190    191 
   181 :    191    192 
   182 :    192    193 
   183 :    193    194 
   184 :    194    195 
   185 :    195    196 
   186 :    196    197 
   187 :    197    198 
   188 :    198    199 
   189 :    199    200 
   190 :    200    201 
   191 :    201    202 
   192 :    202    203 
   193 :    203    204 
   194 :    204    205 
   195 :    205    206 
   196 :    206    207 
   197 :    207    208 
   198 :    208    209 
   199 :    209    210 
   200 :    210    211 
   201 :    211    212 
   202 :    212    213 
   203 :    213    214 
   204 :    214    215 
   205 :    215    216 
   206 :    216    217 
   207 :    217    218 
   208 :    218    219 
   209 :    219    220 
   210 :    220    221 
   211 :    221    222 
   212 :    222    223 
   213 :    223    224 
   214 :    224    225 
   215 :    225    226 
   216 :    226    227 
   217 :    227    228 
   218 :    228    229 
   219 :    229    230 
   220 :    230    231 
   221 :    231    232 
   222 :    232    233 
   223 :    233    234 
   224 :    234    235 
   225 :    235    236 
   226 :    236    237 
   227 :    237    238 
   228 :    238    239 
   229 :    239    240 
   230 :    240    241 
   231 :    241    242 
   232 :    242    243 
   233 :    243    244 
   234 :    244    245 
   235 :    245    246 
   236 :    246    247 
   237 :    247    248 
   238 :    248    249 
   239 :    249    250 
   240 :    250    251 
   241 :    251    252 
   242 :    252    253 
   243 :    253    254 
   244 :    254    255 
   245 :    255      8 
   246 :      9    256 
   247 :    256    257 
   248 :    257    258 
   249 :    258    259 
   250 :    259    260 
   251 :    260    261 
   252 :    261    262 
   253 :    262    263 
   254 :    263    264 
   255 :    264    265 
   256 :    265    266 
   257 :    266    267 
   258 :    267    268 
   259 :    268    269 
   260 :    269    270 
   261 :    270    271 
   262 :    271    272 
   263 :    272    273 
   264 :    273    274 
   265 :    274    275 
   266 :    275    276 
   267 :    276    277 
   268 :    277    278 
   269 :    278    279 
   270 :    279    280 
   271 :    280    281 
   272 :    281    282 
   273 :    282    283 
   274 :    283    284 
   275 :    284    285 
   276 :    285    286 
   277 :    286    287 
   278 :    287    288 
   279 :    288    289 
   280 :    289    290 
   281 :    290    291 
   282 :    291    292 
   283 :    292    293 
   284 :    293    294 
   285 :    294    295 
   286 :    295    296 
   287 :    296    297 
   288 :    297    298 
   289 :    298    299 
   290 :    299    300 
   291 :    300    301 
   292 :    301    302 
   293 :    302    303 
   294 :    303    304 
   295 :    304    305 
   296 :    305    306 
   297 :    306    307 
   298 :    307    308 
   299 :    308    309 
   300 :    309    310 
   301 :    310    311 
   302 :    311    312 
   303 :    312    313 
   304 :    313    314 
   305 :    314    315 
   306 :    315    316 
   307 :    316    317 
   308 :    317    318 
   309 :    318    319 
   310 :    319    320 
   311 :    320    321 
   312 :    321    322 
   313 :    322    323 
   314 :    323    324 
   315 :    324    325 
   316 :    325    326 
   317 :    326    327 
   318 :    327    328 
   319 :    328    329 
   320 :    329    330 
   321 :    330    331 
   322 :    331    332 
   323 :    332    333 
   324 :    333    334 
   325 :    334    335 
   326 :    335    336 
   327 :    336    337 
   328 :    337    338 
   329 :    338    339 
   330 :    339    340 
   331 :    340    341 
   332 :    341    342 
   333 :    342    343 
   334 :    343    344 
   335 :    344    345 
   336 :    345    346 
   337 :    346    347 
   338 :    347    348 
   339 :    348    349 
   340 :    349    350 
   341 :    350    351 
   342 :    351    352 
   343 :    352    353 
   344 :    353    354 
   345 :    354     11 
   346 :     11    355 
   347 :    355    356 
   348 :    356    357 
   349 :    357    358 
   350 :    358    359 
   351 :    359    360 
   352 :    360    361 
   353 :    361    362 
   354 :    362    363 
   355 :    363    364 
   356 :    364    365 
   357 :    365    366 
   358 :    366    367 
   359 :    367    368 
   360 :    368    369 
   361 :    369    370 
   362 :    370    371 
   363 :    371    372 
   364 :    372    373 
   365 :    373    374 
   366 :    374    375 
   367 :    375    376 
   368 :    376    377 
   369 :    377    378 
   370 :    378    379 
   371 :    379    380 
   372 :    380    381 
   373 :    381    382 
   374 :    382    383 
   375 :    383    384 
   376 :    384    385 
   377 :    385    386 
   378 :    386    387 
   379 :    387    388 
   380 :    388    389 
   381 :    389    390 
   382 :    390    391 
   383 :    391    392 
   384 :    392    393 
   385 :    393    394 
   386 :    394    395 
   387 :    395    396 
   388 :    396    397 
   389 :    397    398 
   390 :    398    399 
   391 :    399    400 
   392 :    400    401 
   393 :    401    402 
   394 :    402    403 
   395 :    403     10 
   396 :     12    404 
   397 :    404    405 
   398 :    405    406 
   399 :    406    407 
   400 :    407    408 
   401 :    408    409 
   402 :    409    410 
   403 :    410    411 
   404 :    411    412 
   405 :    412    413 
   406 :    413    414 
   407 :    414    415 
   408 :    415    416 
   409 :    416    417 
   410 :    417    418 
   411 :    418     13 
   412 :     14    419 
   413 :    419    420 
   414 :    420    421 
   415 :    421    422 
   416 :    422    423 
   417 :    423    424 
   418 :    424    425 
   419 :    425     12 
   420 :     13    426 
   421 :    426    427 
   422 :    427    428 
   423 :    428    429 
   424 :    429    430 
   425 :    430    431 
   426 :    431    432 
   427 :    432     15 
   428 :     16    433 
   429 :    433    434 
   430 :    434    435 
   431 :    435    436 
   432 :    436    437 
   433 :    437    438 
   434 :    438    439 
   435 :    439    440 
   436 :    440    441 
   437 :    441    442 
   438 :    442    443 
   439 :    443    444 
   440 :    444    445 
   441 :    445    446 
   442 :    446    447 
   443 :    447     14 
   444 :     15    448 
   445 :    448    449 
   446 :    449    450 
   447 :    450    451 
   448 :    451    452 
   449 :    452    453 
   450 :    453    454 
   451 :    454    455 
   452 :    455    456 
   453 :    456    457 
   454 :    457    458 
   455 :    458    459 
   456 :    459    460 
   457 :    460    461 
   458 :    461    462 
   459 :    462     17 
   460 :     18    463 
   461 :    463    464 
   462 :    464    465 
   463 :    465    466 
   464 :    466    467 
   465 :    467    468 
   466 :    468    469 
   467 :    469     16 
   468 :     17    470 
   469 :    470    471 
   470 :    471    472 
   471 :    472    473 
   472 :    473    474 
   473 :    474    475 
   474 :    475    476 
   475 :    476     19 
   476 :     19    477 
   477 :    477    478 
   478 :    478    479 
   479 :    479    480 
   480 :    480    481 
   481 :    481    482 
   482 :    482    483 
   483 :    483    484 
   484 :    484    485 
   485 :    485    486 
   486 :    486    487 
   487 :    487    488 
   488 :    488    489 
   489 :    489    490 
   490 :    490    491 
   491 :    491     18 
Number of triangles 0 
Number of domains 20
  Domain :      0 
  Name : Outer Disk
  Number of elements :     16
     0     1     2     3     4     5     6     7     8     9
    10    11    12    13    14    15
  Domain :      1 
  Name : Bottom
  Number of elements :      8
    16    17    18    19    20    21    22    23
  Domain :      2 
  Name : Left
  Number of elements :     16
    24    25    26    27    28    29    30    31    32    33
    34    35    36    37    38    39
  Domain :      3 
  Name : Right
  Number of elements :      8
    40    41    42    43    44    45    46    47
  Domain :      4 
  Name : Top
  Number of elements :     16
    48    49    50    51    52    53    54    55    56    57
    58    59    60    61    62    63
  Domain :      5 
  Name : Inner Disk
  Number of elements :      8
    64    65    66    67    68    69    70    71
  Domain :      6 
  Name : Entity 18 
  Number of elements :     16
    72    73    74    75    76    77    78    79    80    81
    82    83    84    85    86    87
  Domain :      7 
  Name : Entity 19 
  Number of elements :      8
    88    89    90    91    92    93    94    95
  Domain :      8 
  Name : Entity 20 
  Number of elements :     50
    96    97    98    99   100   101   102   103   104   105
   106   107   108   109   110   111   112   113   114   115
   116   117   118   119   120   121   122   123   124   125
   126   127   128   129   130   131   132   133   134   135
   136   137   138   139   140   141   142   143   144   145
  Domain :      9 
  Name : Entity 21 
  Number of elements :    100
   146   147   148   149   150   151   152   153   154   155
   156   157   158   159   160   161   162   163   164   165
   166   167   168   169   170   171   172   173   174   175
   176   177   178   179   180   181   182   183   184   185
   186   187   188   189   190   191   192   193   194   195
   196   197   198   199   200   201   202   203   204   205
   206   207   208   209   210   211   212   213   214   215
   216   217   218   219   220   221   222   223   224   225
   226   227   228   229   230   231   232   233   234   235
   236   237   238   239   240   241   242   243   244   245
  Domain :     10 
  Name : Entity 22 
  Number of elements :    100
   246   247   248   249   250   251   252   253   254   255
   256   257   258   259   260   261   262   263   264   265
   266   267   268   269   270   271   272   273   274   275
   276   277   278   279   280   281   282   283   284   285
   286   287   288   289   290   291   292   293   294   295
   296   297   298   299   300   301   302   303   304   305
   306   307   308   309   310   311   312   313   314   315
   316   317   318   319   320   321   322   323   324   325
   326   327   328   329   330   331   332   333   334   335
   336   337   338   339   340   341   342   343   344   345
  Domain :     11 
  Name : Entity 23 
  Number of elements :     50
   346   347   348   349   350   351   352   353   354   355
   356   357   358   359   360   361   362   363   364   365
   366   367   368   369   370   371   372   373   374   375
   376   377   378   379   380   381   382   383   384   385
   386   387   388   389   390   391   392   393   394   395
  Domain :     12 
  Name : Entity 24 
  Number of elements :     16
   396   397   398   399   400   401   402   403   404   405
   406   407   408   409   410   411
  Domain :     13 
  Name : Entity 25 
  Number of elements :      8
   412   413   414   415   416   417   418   419
  Domain :     14 
  Name : Entity 26 
  Number of elements :      8
   420   421   422   423   424   425   426   427
  Domain :     15 
  Name : Entity 27 
  Number of elements :     16
   428   429   430   431   432   433   434   435   436   437
   438   439   440   441   442   443
  Domain :     16 
  Name : Entity 28 
  Number of elements :     16
   444   445   446   447   448   449   450   451   452   453
   454   455   456   457   458   459
  Domain :     17 
  Name : Entity 29 
  Number of elements :      8
   460   461   462   463   464   465   466   467
  Domain :     18 
  Name : Entity 30 
  Number of elements :      8
   468   469   470   471   472   473   474   475
  Domain :     19 
  Name : Entity 31 
  Number of elements :     16
   476   477   478   479   480   481   482   483   484   485
   486   487   488   489   490   491
